"","Reviews","Size","Price","Last.Updated","Minimum.Android.Version","install","Content"
"1",411,30,0,79,3,50000,0
"2",292197,25.2706629055007,0,33,4.14285714285714,10000000,0
"3",469421,3.3,0,33,4,10000000,0
"4",30925,26,0,34,5,1000000,0
"5",14451,69,0,32,5,1000000,0
"6",30788,21,0,34,4,1000000,0
"7",75978,37,0,33,4.14285714285714,10000000,0
"8",7959,3.3,0,41,4,500000,0
"9",51068,38,0,40,4,1000000,0
"10",262078,25.2706629055007,0,33,4.14285714285714,10000000,0
"11",11626,36,0,33,5,1000000,1
"12",9283,38,0,32,6,1000000,1
"13",24566,33,0,33,4,1000000,0
"14",163199,69,0,32,5,5000000,0
"15",71292,22,0,33,4,5000000,1
"16",2041505,25.2706629055007,0,32,4.14285714285714,50000000,0
"17",520354,25.2706629055007,0,32,4.14285714285714,10000000,0
"18",200884,25.2706629055007,0,32,4.14285714285714,10000000,0
"19",36494,25.2706629055007,0,32,4.14285714285714,1000000,0
"20",441845,25.2706629055007,0,32,4.14285714285714,10000000,0
"21",25495,13,0,33,4,1000000,0
"22",874924,25.2706629055007,0,33,4.14285714285714,10000000,0
"23",144659,10,0,33,4,10000000,0
"24",254816,42,0,69,4,1000000,0
"25",12120,17,0,33,4,500000,0
"26",259651,81,0,33,5,10000000,0
"27",138681,25.2706629055007,0,33,4.14285714285714,10000000,0
"28",202717,5.1,0,33,4,10000000,0
"29",136264,30,0,38,4,10000000,0
"30",1199,29,3.99,34,4,10000,0
"31",225138,36,0,34,4,5000000,0
"32",3249,6.3,0,56,4,100000,0
"33",328273,9.8,0,33,4,10000000,0
"34",18749,2.9,0,46,4,1000000,0
"35",5480,1.9,0,38,4,1000000,0
"36",4082,52,0,32,4,100000,0
"37",75580,25.2706629055007,0,32,4.14285714285714,1000000,0
"38",3346,49,2.99,34,6,50000,0
"39",623104,18,0,33,4.14285714285714,10000000,0
"40",60767,28,0,38,4,1000000,0
"41",19310,4.2,0,35,4,1000000,0
"42",446873,8.6,0,36,4,10000000,1
"43",59314,41,0,36,4,1000000,0
"44",406474,25.2706629055007,0,34,4.14285714285714,10000000,0
"45",100791,25.2706629055007,0,34,4.14285714285714,10000000,0
"46",373411,52,0,33,5,10000000,0
"47",114756,5.3,0,35,4,10000000,0
"48",2218,25.2706629055007,2.99,72,4.14285714285714,100000,0
"49",10420,25.2706629055007,0,32,4.14285714285714,500000,0
"50",624,50,0,33,4,100000,0
"51",15291,25.2706629055007,0,34,4.14285714285714,1000000,0
"52",201658,71,0,32,5,10000000,0
"53",9321,25.2706629055007,0,32,4.14285714285714,1000000,0
"54",21675,25.2706629055007,0,33,4.14285714285714,1000000,1
"55",16822,73,0,40,4,500000,0
"56",301071,25.2706629055007,0,37,4.14285714285714,10000000,0
"57",79411,35,0,32,4,1000000,0
"58",2494,4.4,0,33,4,500000,2
"59",14645,9.9,0,53,4,500000,0
"60",20657,84,2.99,34,5,100000,0
"61",2216,1.9,0,36,4,500000,0
"62",7730,45,0,44,2,500000,0
"63",1950,36,0,33,4,100000,0
"64",16805,93,0,34,4,1000000,0
"65",805620,25.2706629055007,0,33,4.14285714285714,10000000,0
"66",21675,5.7,0,49,4,1000000,0
"67",224,25.2706629055007,0,33,4.14285714285714,50000,1
"68",143388,5.2,0,33,4,5000000,0
"69",33801,25.2706629055007,0,45,4.14285714285714,1000000,0
"70",4748,40,0,57,4,100000,0
"71",545706,25.2706629055007,0,33,4.14285714285714,10000000,0
"72",172100,57,0,33,4,10000000,0
"73",405950,25.2706629055007,0,32,4.14285714285714,10000000,1
"74",19047,4.6,0,35,4,1000000,0
"75",15910,25.2706629055007,0,35,4.14285714285714,1000000,0
"76",8769,38,0,33,4,1000000,1
"77",6640,53,0,35,4,500000,0
"78",682644,10,0,33,4,50000000,0
"79",6978,47,0,38,4,1000000,0
"80",5479,5.5,0,33,4,1000000,0
"81",44558,25.2706629055007,0,33,4.14285714285714,10000000,0
"82",18616,25.2706629055007,0,32,4,1000000,0
"83",166725,25.2706629055007,0,33,4.14285714285714,5000000,0
"84",30002,53,0,33,4,1000000,3
"85",345,25.2706629055007,0,36,4.14285714285714,50000,1
"86",628,40,0,53,4,50000,2
"87",74861,31,0,32,4,5000000,0
"88",80285,25.2706629055007,0,33,4.14285714285714,1000000,0
"89",118027,25.2706629055007,0,37,4.14285714285714,5000000,0
"90",5823,21,0,39,4,500000,0
"91",13534,7.2,0,35,4,1000000,1
"92",26140,22,0,34,4,1000000,0
"93",4824180,25.2706629055007,0,33,4.14285714285714,100000000,0
"94",59330,36,0,34,5,1000000,0
"95",53280,20,0,33,4,1000000,0
"96",337285,25.2706629055007,0,33,4.14285714285714,10000000,0
"97",637363,18,0,33,4,10000000,0
"98",124159,16,0,34,4,5000000,0
"99",22093,36,0,33,5,1000000,1
"100",4869,13,0,39,4,1000000,0
"101",2908,23,0,58,4,500000,2
"102",93709,25.2706629055007,0,33,4.14285714285714,5000000,0
"103",1302,31,0,44,2,100000,0
"104",33135,60,0,40,4,1000000,0
"105",42082,7.2,0,37,4,1000000,0
"106",101090,11,0,35,4,10000000,0
"107",3,12,0,42,4,1000,0
"108",7,15,0,41,4,1000,0
"109",6,14,0,41,4,1000,0
"110",128,30,0,38,4,50000,0
"111",12,18,0,41,4,10000,0
"112",45,13,0,38,4,10000,0
"113",272,17,0,35,4,100000,0
"114",16,17,0,38,4,1000,0
"115",17481,38,4.99,40,4,100000,0
"116",15453,25.2706629055007,0,34,4.14285714285714,1000000,0
"117",92394,38,0,40,4,5000000,0
"118",218186,25.2706629055007,4.99,33,4.14285714285714,1000000,0
"119",122673,25.2706629055007,0,41,4,5000000,0
"120",25780,17,1.99,41,4,100000,0
"121",17562,25.2706629055007,0,41,4,1000000,0
"122",16656,38,4.99,40,4,100000,0
"123",29925,25.2706629055007,0,37,4.14285714285714,1000000,0
"124",50061,9.2,0,105,2,1000000,0
"125",14083,25.2706629055007,1.99,41,4.14285714285714,100000,0
"126",9076,17,1.99,41,4,100000,0
"127",3552,17,1.99,41,4,100000,0
"128",15380,17,1.99,41,4,100000,0
"129",82072,17,0,41,4,1000000,0
"130",1,35,0,34,4,10,0
"131",235,2.3,0,33,4,10000,0
"132",57,526,0,62,4,1000,0
"133",9110,8.3,0,67,4,100000,0
"134",1,24,0,43,4,500,0
"135",37843,3.3,0,33,4,500000,0
"136",17612,14,0,32,4,1000000,0
"137",75449,29,0,38,4,1000000,0
"138",43553,26,0,38,4,1000000,0
"139",74,30,0,44,4,10000,0
"140",667,8.4,0,43,4,10000,0
"141",316,9.1,0,33,5,50000,0
"142",41,3.9,0,33,5,5000,0
"143",2007,3.9,0,33,5,100000,0
"144",14419,4.8,0,33,5,1000000,0
"145",3947,4.9,0,33,5,500000,0
"146",20323,4.9,0,33,5,1000000,0
"147",97,3.9,0,33,5,5000,0
"148",221,4,0,33,5,10000,0
"149",463,7.1,0,61,2,50000,0
"150",343464,25.2706629055007,0,33,4.14285714285714,10000000,0
"151",3717,73,0,33,5,100000,0
"152",78,34,0,39,4,5000,0
"153",948,20,0,33,5,10000,0
"154",300,17,0,33,5,10000,0
"155",4815,14,0,38,4,500000,0
"156",8,14,0,36,4,500,0
"157",43,54,0,39,5,5000,0
"158",2629,67,0,33,4,100000,0
"159",431,10,0,38,5,10000,0
"160",34615,11,0,32,4,1000000,0
"161",22089,11,0,33,4,1000000,3
"162",876,2.6,0,57,4,50000,0
"163",64323,29,0,33,4,5000000,1
"164",501291,12,0,34,4,10000000,0
"165",151687,14,0,33,5,10000000,0
"166",98020,31,0,33,4,10000000,0
"167",2978,9.8,0,64,2,100000,0
"168",3116,50,0,32,5,100000,0
"169",144,19,0,33,4,10000,0
"170",8376,6.9,0,57,2,1000000,0
"171",7743,11,0,33,4,100000,0
"172",48642,50,0,36,6,1000000,0
"173",109,55,0,40,4,10000,1
"174",18395,25.2706629055007,0,37,4.14285714285714,1000000,1
"175",730,28,0,35,5,50000,0
"176",1029,9.4,0,32,4,100000,0
"177",315,14,0,35,4,100000,0
"178",613,24,0,33,6,50000,0
"179",3115,41,0,33,4,100000,0
"180",5865,35,0,34,7,100000,0
"181",73771,25.2706629055007,0,33,4,100000000,0
"182",108137,14,0,33,4,5000000,0
"183",748,16,0,33,4,100000,0
"184",114575,69,0,32,5,5000000,0
"185",41548,69,0,32,5,1000000,0
"186",23604,25.2706629055007,0,43,4.14285714285714,5000000,0
"187",627,87,0,33,4,100000,0
"188",1430,97,0,38,4,100000,0
"189",32409,25.2706629055007,0,38,5,1000000,0
"190",181099,25.2706629055007,0,33,4.14285714285714,1000000,0
"191",79424,25.2706629055007,0,32,4.14285714285714,1000000,0
"192",22506,25,0,33,4,10000000,0
"193",28545,17,0,33,5,500000,0
"194",329031,13,0,34,4,10000000,0
"195",1947,38,0,34,5,100000,0
"196",28657,56,0,32,4,1000000,0
"197",2770,26,0,33,4,100000,3
"198",21247,15,0,76,4,1000000,0
"199",723,34,0,35,4,100000,1
"200",7070,84,0,33,4,500000,0
"201",2418,53,0,33,4,100000,0
"202",19235,42,0,33,4,1000000,0
"203",42242,59,0,42,4,1000000,0
"204",11,14,0,33,5,5000,0
"205",6,8.7,0,43,4,1000,0
"206",9,14,7.49,46,4,500,0
"207",936,3.3,0,33,4,50000,0
"208",3043,7.5,0,33,4,500000,0
"209",21951,11,0,33,6,1000000,0
"210",6390,46,0,42,4,100000,0
"211",118,6.3,0,38,4,50000,0
"212",15642,25.2706629055007,0,46,4.14285714285714,1000000,0
"213",4668,24,0,33,4,100000,0
"214",8138,13,0,33,4,500000,0
"215",28275,25.2706629055007,0,32,4.14285714285714,1000000,0
"216",9354,14,0,33,5,1000000,0
"217",8687,25.2706629055007,0,34,4.14285714285714,1000000,0
"218",122239,61,0,33,4,10000000,0
"219",851,6.4,0,41,4,100000,0
"220",1493,3.9,0,34,5,100000,0
"221",77,10,0,41,4,1000,0
"222",1222,89,0,33,4,100000,0
"223",103,4.6,2.99,33,4,5000,0
"224",254,2.3,0,39,2,10000,0
"225",748,72,0,33,4,100000,0
"226",620,2.1,0,37,5,100000,0
"227",5674,39,0,33,4,100000,0
"228",347512,68,0,33,4,10000000,0
"229",1230,20,0,40,4,100000,0
"230",32594,32,0,32,4,1000000,0
"231",858492,52,0,33,4,10000000,0
"232",208,9.3,0,36,4,100000,0
"233",1231,10,0,33,4,50000,0
"234",6676,3.5,0,32,4,500000,0
"235",56266,10,0,34,4,1000000,0
"236",6996,5.6,0,34,5,500000,0
"237",62164,12,0,33,3,1000000,0
"238",54934,949,0,42,4,1000000,0
"239",112484,25.2706629055007,0,32,4,5000000,0
"240",1269,27,0,32,5,100000,0
"241",37,6.2,0,33,4,10000,0
"242",2014,11,0,35,4,100000,0
"243",13861,23,0,33,4,1000000,0
"244",2204,14,0,33,4,100000,0
"245",14969,6.8,0,34,4,1000000,0
"246",17129,14,3.49,33,4,100000,0
"247",33117,3.6,0,44,4,500000,0
"248",6658,40,0,35,4,500000,0
"249",9497,94,0,39,4,100000,0
"250",17500,10,0,33,4,1000000,0
"251",10011,40,0,34,5,1000000,0
"252",155,2.3,0,55,4,10000,0
"253",14888,34,0,58,4,500000,0
"254",2212,25.2706629055007,0,33,4,1000000,0
"255",2,74,0,33,4,100,0
"256",2,82,0,33,4,100,0
"257",42,77,0,33,4,1000,0
"258",6,75,0,33,4,500,0
"259",6,75,0,33,4,500,0
"260",572,20,0,70,4,100000,0
"261",464,37,0,35,5,50000,0
"262",870,41,0,35,5,100000,0
"263",316,47,0,33,5,10000,0
"264",1407,36,0,40,5,100000,0
"265",3587,27,0,33,4,100000,0
"266",8025,25,0,33,5,100000,0
"267",1058,11,0,34,4,50000,0
"268",11251,37,0,33,4,1000000,0
"269",198063,25.2706629055007,0,33,4.14285714285714,10000000,0
"270",3246,28,0,65,3,500000,0
"271",231,17,4.99,85,2,5000,0
"272",47,29,0,89,2,5000,0
"273",38,27,4.99,96,3,1000,0
"274",16746,13,0,33,4,1000000,0
"275",302,1.8,0,40,4,10000,0
"276",31,194,0,98,1,5000,0
"277",29401,22,0,32,4,1000000,0
"278",16516,26,0,35,4,1000000,0
"279",2,11,0,39,4,100,0
"280",7492,26,0,33,5,100000,0
"281",11725,56,0,33,4,500000,0
"282",9148,7.1,0,43,4,1000000,0
"283",5520,7.1,0,33,5,100000,0
"284",14265,84,0,33,5,1000000,0
"285",8688,63,0,33,5,1000000,0
"286",4,7.2,0,39,4,500,0
"287",21103,10,0,38,4,500000,0
"288",63857,19,0,34,4,1000000,0
"289",181,8.3,0,35,4,10000,0
"290",97,60,0,34,4,5000,0
"291",392,30,0,32,4,100000,0
"292",11091,26,0,33,4,100000,0
"293",6139,25.2706629055007,0,51,4.14285714285714,1000000,0
"294",583,32,0,34,8,100000,0
"295",65,18,0,33,4,10000,0
"296",4545,44,0,78,3,100000,0
"297",2111,2.4,0,34,4,10000,0
"298",4639,7.5,0,33,5,100000,0
"299",3106,7.4,0,33,4,500000,0
"300",6757,3.6,0,33,5,100000,0
"301",6691,13,0,33,5,100000,0
"302",735,12,2,33,5,5000,0
"303",8883,7.1,0,33,4,100000,0
"304",3468,25.2706629055007,0,34,4.14285714285714,500000,0
"305",5756,25.2706629055007,0,34,4.14285714285714,100000,0
"306",36019,43,0,33,5,1000000,1
"307",2749,24,0,33,4,100000,0
"308",265,46,0,34,5,10000,0
"309",339763,11,0,37,4,10000000,0
"310",66200,8.3,0,37,5,1000000,0
"311",154739,12,0,66,4,10000000,0
"312",7,63,0,57,4,1000,0
"313",154166,9.9,0,33,4,10000000,0
"314",177988,15,0,33,4,5000000,2
"315",33104,14,0,36,4,5000000,1
"316",24,27,0,33,4,50000,0
"317",71,8.9,0,35,4,100000,0
"318",74874,25.2706629055007,0,34,4.14285714285714,1000000,0
"319",6697,34,0,41,4,100000,0
"320",3499,3.6,0,33,5,100000,0
"321",23,41,0,50,4,5000,0
"322",189,16,0,33,2,10000,0
"323",28,24,0,33,4,100,0
"324",239,12,0,33,4,50000,0
"325",728,22,0,34,5,10000,0
"326",5633,25.2706629055007,0,34,5,100000,0
"327",768,15,4.49,34,4,10000,0
"328",305,27,4.99,37,4,10000,0
"329",1385,23,0,38,4,100000,0
"330",2287,6.3,0,36,4,100000,1
"331",1517,40,0,34,5,100000,0
"332",1995,13,0,35,4,500000,0
"333",6,20,0,35,4,5000,0
"334",127,13,0,34,4,50000,0
"335",28,11,0,42,4,10000,0
"336",495,2.4,0,37,6,100000,0
"337",1156,13,0,33,4,100000,0
"338",13,12,0,36,4,1000,0
"339",1044,9.2,0,34,4,50000,0
"340",6,11,0,36,4,5000,0
"341",86,13,0,36,4,50000,0
"342",19087,59,0,33,4,1000000,0
"343",17293,25.2706629055007,0,33,5,1000000,0
"344",304,2.4,0,36,4,5000,0
"345",2438,4.4,0,33,4,100000,0
"346",6656,20,0,32,4.14285714285714,1000000,0
"347",260,18,0,33,5,10000,0
"348",1319,32,0,33,4,50000,0
"349",4239,29,0,33,5,50000,0
"350",9087,16,5.99,33,4,50000,0
"351",110,30,0,34,4,1000,0
"352",2387,3.7,0,32,5,100000,0
"353",4177,15,0,33,4,100000,0
"354",3201,24,0,33,4,100000,0
"355",2398,19,0,33,4,100000,0
"356",4709,25.2706629055007,0,51,4.14285714285714,500000,0
"357",1418,25.2706629055007,0,33,4.14285714285714,100000,0
"358",12927,29,0,33,5,1000000,0
"359",290,6.3,0,36,4,50000,0
"360",8,2.4,0,37,6,1000,0
"361",38,46,0,33,4,5000,0
"362",14163,8.3,0,34,4,500000,0
"363",196,6.7,0,36,4,100000,0
"364",44722,25.2706629055007,0,33,4.14285714285714,1000000,0
"365",1370,58,0,41,6,50000,0
"366",13692,38,0,41,4,1000000,0
"367",6105,2.3,0,32,4,500000,0
"368",43773,3.6,0,33,4,1000000,0
"369",340580,6.1,0,34,4,10000000,0
"370",246914,25.2706629055007,0,35,4.14285714285714,10000000,0
"371",2481,5.6,4.99,34,5,10000,0
"372",5,18,0.99,39,4,50,0
"373",254,11,0,35,5,50000,0
"374",1840,25.2706629055007,0,34,4.14285714285714,100000,0
"375",124030,4.2,0,34,5,10000000,0
"376",3896,3.6,0,34,4,1000000,0
"377",353,25.2706629055007,0,32,4.14285714285714,50000,0
"378",86,3.2,0,62,4,5000,0
"379",2118,53,0,34,4,100000,0
"380",1773,25,0,34,4,50000,0
"381",23,53,6.99,43,4,100,0
"382",40619,25.2706629055007,0,33,4,500000,0
"383",174,7.9,0,33,4,10000,0
"384",193,5.9,0,33,4,10000,0
"385",1193,25.2706629055007,0,33,4.14285714285714,100000,0
"386",147,2.6,0,34,4,50000,0
"387",2538,9.5,0,35,4,100000,0
"388",50,25.2706629055007,0,40,4.14285714285714,5000,0
"389",15885,25.2706629055007,0.99,39,4.14285714285714,100000,0
"390",53,59,0,33,5,10000,0
"391",1098,18,0,37,4,100000,0
"392",2604,39,0,34,6,100000,0
"393",23,38,1.99,67,4,1000,0
"394",51,35,0,57,4,10000,0
"395",42,23,0,60,4,5000,0
"396",3778,34,0,55,4,1000000,0
"397",15,22,0,37,6,1000,0
"398",268,2.2,0,59,4,100000,0
"399",681,11,0,32,5,50000,0
"400",27289,9.8,0,33,4,1000000,0
"401",2957,20,0,33,4,100000,0
"402",2350,12,0,33,5,500000,0
"403",21186,4.7,0,34,4,500000,0
"404",45,13,0,63,4,10000,0
"405",376,7.1,0,40,5,100000,0
"406",3522,4.8,0,32,4,100000,0
"407",1509,86,0.99,44,4,10000,0
"408",6020,5.9,0,34,5,500000,0
"409",1240,4.3,0,40,4,100000,0
"410",1074,3.3,0,32,4,100000,0
"411",3308,11,0,61,1,500000,0
"412",161,3.6,0,32,5,10000,0
"413",41612,25.2706629055007,0,42,4.14285714285714,1000000,0
"414",6868,6.9,0,34,4,500000,0
"415",156,20,0,42,2,10000,0
"416",483,27,0,34,4,10000,0
"417",299,3.4,0,36,4,10000,0
"418",114,7.9,0,42,4,10000,0
"419",17,4.6,0,34,4,1000,0
"420",6990,186,0,34,4,500000,0
"421",46,2.8,0,69,4,1000,0
"422",7806,30,0,32,5,100000,0
"423",1073,28,0,34,4,100000,0
"424",11367,25.2706629055007,0,33,4.14285714285714,500000,0
"425",34708,9.1,0,33,4,1000000,1
"426",132,5.8,0,33,4,50000,0
"427",28906,14,0,33,4,1000000,0
"428",19683,25.2706629055007,0,33,4.14285714285714,1000000,0
"429",141,3.2,0,33,4,10000,0
"430",553,4.7,0,32,4,10000,0
"431",144,2.2,0,33,4,10000,0
"432",541,25.2706629055007,0,33,4.14285714285714,100000,1
"433",2395,7,0,39,4,100000,0
"434",341452,25.2706629055007,0,36,4.14285714285714,5000000,0
"435",2665,3.5,0,34,5,100000,0
"436",101694,17,0,33,4,1000000,0
"437",37,9.5,0,38,4,10000,0
"438",19686,71,0,35,4,1000000,1
"439",406,22,0,33,5,10000,0
"440",2881,87,0,36,4,100000,0
"441",131,12,0,35,4,50000,0
"442",12,3.8,0,41,4,1000,0
"443",85082,12,0,36,4,10000000,0
"444",8666,6,0,33,4,100000,0
"445",297,6.3,0,64,4,50000,0
"446",543,43,0,34,6,100000,0
"447",59,3,0,36,4,1000,0
"448",98,36,0,34,5,10000,0
"449",63,2.4,0,37,6,10000,0
"450",82,41,0,33,5,10000,0
"451",829,18,0,32,5,500000,0
"452",918,40,0,36,5,100000,0
"453",4240,16,0,33,4,100000,0
"454",34,36,0,33,4,1000,0
"455",1088,22,0,38,4,100000,0
"456",17,3.8,0,37,4,5000,0
"457",1442,25.2706629055007,0,35,4.14285714285714,100000,0
"458",9,19,0,34,5,100,0
"459",1457,4.1,0,37,4,100000,0
"460",1389,3.7,0,34,4,100000,0
"461",547,25.2706629055007,2.99,38,4.14285714285714,1000,0
"462",366,32,0,33,5,10000,0
"463",41,13,0,33,4,10000,0
"464",4,12,0.99,45,4,100,0
"465",11,3.6,0,37,4,1000,0
"466",22522,22,0,32,4,500000,0
"467",1999,76,0,32,4,100000,0
"468",15,3.5,0,46,4,1000,0
"469",467,21,0,32,5,100000,0
"470",45482,43,0,35,4,1000000,0
"471",26,8.3,0,35,4,5000,0
"472",962,10,0,34,4,100000,0
"473",62,25.2706629055007,3.49,35,4.14285714285714,5000,0
"474",50,5.4,0,47,4,10000,0
"475",881,1.9,0,36,4,100000,0
"476",1688,1.8,0,38,4,50000,0
"477",1575,1.9,0,36,4,50000,0
"478",1817,9.8,0,55,4,100000,0
"479",160889,63,0,33,4,10000000,0
"480",214,34,1.59,96,2,10000,0
"481",11,34,1.59,96,2,1000,0
"482",23,34,1.59,96,2,1000,0
"483",2085,14,0,48,4,100000,0
"484",63661,25.2706629055007,0,33,4.14285714285714,5000000,0
"485",10410,40,0,32,4,1000000,0
"486",5671,59,0,32,4,1000000,0
"487",25121,74,0,32,4,1000000,0
"488",6775,36,0,32,4,1000000,0
"489",7922,53,0,32,4,500000,0
"490",8223,25.2706629055007,0,47,4,1000000,0
"491",1564,37,0,35,5,100000,0
"492",7335,16,0,33,4,100000,0
"493",27961,68,0,33,5,1000000,0
"494",2581,31,1.99,34,4,50000,0
"495",126,25,0,32,4,50000,0
"496",1791,84,0,33,6,100000,0
"497",18091,95,0,34,6,1000000,0
"498",144,47,0,33,6,10000,0
"499",770,18,0,35,5,100000,0
"500",2104,53,0,33,5,50000,0
"501",1338,21,0,33,4,100000,0
"502",3029,6.9,0,47,2,100000,3
"503",25,2.8,0,34,4,1000,0
"504",56,3.8,0,37,4,10000,0
"505",3963,38,0,35,4,1000000,0
"506",8116,12,0,34,4,1000000,0
"507",5853,25.2706629055007,0,33,4.14285714285714,100000,0
"508",376,8.2,0,36,4,100000,0
"509",420,1.7,0,34,4,100000,0
"510",161,11,0,32,4,10000,0
"511",10,11,0,35,5,10000,0
"512",10668,19,2.99,38,4,500000,0
"513",349,29,0,34,4,10000,0
"514",3347,51,0,33,5,100000,0
"515",45,30,0,35,5,10000,0
"516",57700,4.7,0,35,4,1000000,0
"517",55808,4.4,0,34,4,1000000,0
"518",492,4,0,38,4,50000,0
"519",5984,10,0,35,4,1000000,0
"520",20341,2.5,0,32,4,1000000,0
"521",7393,3.4,0,32,4,500000,0
"522",667452,79,0,33,5,500000000,0
"523",220,22,0,39,4,50000,0
"524",1152,16,0,38,4,100000,0
"525",203,45,0,33,4,10000,0
"526",285,3.7,0,34,4,50000,0
"527",112,48,0,35,5,1000,0
"528",3,4.6,0,38,4,100,0
"529",922,58,0,34,5,100000,0
"530",2406,19,0,37,4,500000,0
"531",31161,36,0,50,4,1000000,0
"532",15942,25.2706629055007,0,33,4.14285714285714,1000000,0
"533",486,47,0,41,5,10000,0
"534",148695,25.2706629055007,0,41,4.14285714285714,5000000,0
"535",200924,25.2706629055007,0,47,4.14285714285714,10000000,0
"536",3287,2.2,0,34,5,100000,0
"537",94,74,0,34,5,10000,0
"538",2441,21,0,34,4,100000,0
"539",9,4.6,0,50,4,1000,0
"540",54135,2.4,0,32,4,1000000,0
"541",571,6.8,0,32,4,10000,0
"542",128,25.2706629055007,0,33,4,10000,0
"543",15,33,0,46,2,1000,0
"544",3,19,0,35,6,1000,0
"545",281,25,0,37,4,10000,0
"546",42,81,0,38,4,10000,0
"547",6629,25.2706629055007,0,36,4.14285714285714,500000,0
"548",822,15,0,33,4,100000,0
"549",652,16,0,33,4,10000,0
"550",529,9.2,0,33,4,100000,0
"551",187,7.9,0,35,4,10000,0
"552",1300,83,0,32,4,50000,0
"553",1052,5.1,0,44,4,10000,0
"554",483,7.7,0,35,4,100000,0
"555",15,36,0,35,4,1000,0
"556",2425,11,0,33,4,100000,0
"557",938,78,0,33,6,50000,0
"558",15,12,0,34,4,10000,0
"559",4724,11,0,33,4,100000,0
"560",24,10,0,36,4,1000,0
"561",288,53,0,33,4,50000,0
"562",6,7.2,0,34,4,500,0
"563",7,16,0,39,4,100,0
"564",1861,27,0,33,4,100000,0
"565",422,3.2,0,33,4,10000,0
"566",46,55,0,39,4,10000,0
"567",200,4,0,55,4,10000,0
"568",173,14,0,34,5,10000,0
"569",6116,30,0,35,4,100000,0
"570",5514,20,0,35,4,500000,0
"571",785,31,0,33,4,100000,0
"572",1313,40,0,33,4,100000,0
"573",1,8.9,0,35,5,10,0
"574",59,7.9,0,35,4,10000,0
"575",26849,25.2706629055007,0,32,4,1000000,0
"576",5188,21,0,35,4,500000,0
"577",3809,4.8,0,33,5,500000,0
"578",434,5.8,3.99,32,2,50000,0
"579",304,44,0,41,4,50000,0
"580",228,26,0,33,5,50000,0
"581",386,2.2,0,33,4,10000,0
"582",1044,2.7,1.49,34,4,5000,0
"583",197,20,0,33,4,100000,0
"584",5302,28,0,33,4,500000,0
"585",2,36,0,34,4,100,0
"586",1378,15,0,34,4,100000,0
"587",43,2.4,7.99,40,4,5000,0
"588",8,5.3,1.99,33,5,100,0
"589",287,8.3,0,34,4,10000,0
"590",28718,8.3,0,33,4,500000,0
"591",2531,3,0,34,4,50000,0
"592",20,2.7,0,36,4,1000,0
"593",46,17,0,38,4,10000,0
"594",521,51,0,38,4,50000,0
"595",16,7.5,0,40,4,5000,0
"596",1,4.7,0,35,4,10,0
"597",72,8.3,0,36,4,10000,0
"598",1006,8.1,0,36,4,100000,0
"599",51,11,0,34,4,10000,0
"600",35,7.5,0,35,4,10000,0
"601",651,31,0,33,4,50000,0
"602",33,8,0,41,4,10000,0
"603",192,7.9,0,35,4,50000,0
"604",19783,7.2,0,32,4,1000000,0
"605",1,11,0.99,45,4,500,0
"606",13252,31,0,33,4,500000,0
"607",167,2,0,65,2,10000,0
"608",189,6.9,0,37,4,50000,0
"609",965,52,0,32,5,100000,0
"610",7,2.9,0,42,5,1000,0
"611",67,11,0,32,4,10000,0
"612",436,7.9,0,35,4,100000,0
"613",209,17,0,33,4,10000,0
"614",42,45,0,33,4,5000,0
"615",4503,34,0,74,4,100000,1
"616",3825,25.2706629055007,0,34,4.14285714285714,100000,0
"617",7,8.3,1.49,33,4,50,0
"618",908,14,0,35,5,10000,0
"619",28667,4.6,0,49,3,1000000,0
"620",23668,2.3,0,55,4,1000000,0
"621",69,2.1,0,35,5,1000,0
"622",25633,34,0,36,4,1000000,0
"623",16,60,0,38,4,5000,0
"624",10,9.7,0,33,5,100,0
"625",15,5.9,0,41,4,5000,0
"626",20,25,0,35,4,1000,0
"627",16,51,0,35,4,1000,0
"628",3,6.6,0,36,4,100,0
"629",9,7.9,0,37,4,1000,0
"630",79,4.3,0,47,2,10000,0
"631",319,37,0,45,5,10000,0
"632",172,4,0,43,4,50000,0
"633",96049,25.2706629055007,0,34,5,1000000,0
"634",66,11,0,33,4,10000,0
"635",46871,10,0,35,4,5000000,0
"636",7003,7.4,0,39,4,100000,0
"637",3228,7.9,0,39,4,50000,0
"638",19327,15,0,37,4,500000,0
"639",2440,8.3,0,39,4,50000,0
"640",10107,7.3,0,39,4,100000,0
"641",12197,75,0,33,4,500000,1
"642",460,11,0,57,2,100000,0
"643",1046,21,0,32,4,100000,1
"644",1834,4.1,0,33,4,100000,0
"645",542,9.3,0,34,4,100000,0
"646",48,16,0,35,4,10000,0
"647",24,6.5,0,37,4,5000,0
"648",8,53,5.99,36,4,100,0
"649",479,6.8,0,35,5,100000,0
"650",8587,10,0,34,4,500000,0
"651",132,2.5,0,38,4,10000,0
"652",168,1.5,0.99,33,4,5000,0
"653",71,2.2,0,36,4,10000,0
"654",3193,9.9,0,34,4,100000,0
"655",22,7.7,0,41,4,10000,0
"656",1097,22,0,36,4,50000,0
"657",249,12,0,39,4,10000,0
"658",102,16,0,35,4,10000,0
"659",46,19,0,35,4,10000,0
"660",64,17,0,35,4,10000,0
"661",47,17,0,35,4,10000,0
"662",1723,25.2706629055007,0,38,4.14285714285714,500000,0
"663",10,19,0,38,4,1000,0
"664",15467,25.2706629055007,0,34,4.14285714285714,1000000,0
"665",2714,7.4,0,33,4,500000,0
"666",13007,6,0,33,4,500000,0
"667",894,8.6,0,37,4,50000,0
"668",12664,23,0,33,4,1000000,0
"669",10,43,0,33,4,500,0
"670",113,29,0,33,4,10000,0
"671",13,23,0,33,4,5000,0
"672",6,13,3.99,43,5,100,0
"673",1310,6.5,0,33,5,50000,0
"674",6654,24,0,41,4,100000,0
"675",176,12,0,34,4,10000,0
"676",748,83,0,34,5,100000,0
"677",2040,22,0,33,4,100000,0
"678",226,52,0,33,4,10000,0
"679",1359,10,0,32,4,100000,0
"680",4862,12,0,34,5,100000,0
"681",17224,8.2,0,34,4,500000,0
"682",78,3.8,0,38,2,10000,0
"683",2,3.5,0,60,3,100,0
"684",1,1.5,0,37,4,10,0
"685",1,26,0,47,4,100,0
"686",2,26,0,47,4,100,0
"687",10,14,0,34,4,1000,0
"688",52,9.7,0,33,4,5000,0
"689",40,30,0,33,4,5000,0
"690",78,16,0,32,5,5000,0
"691",44,4.7,0,56,2,5000,0
"692",524,44,0,34,4,100000,0
"693",242,8,0,33,4,10000,0
"694",13,10,0,38,4,10000,0
"695",1,20,0,37,4,10,0
"696",760,20,0,34,4,50000,0
"697",45221,9.9,0,38,4,10000000,0
"698",13974,25,0,32,4,500000,0
"699",4075,22,0,39,4,100000,0
"700",222,27,0,77,2,10000,0
"701",4668,15,0,47,4,100000,0
"702",19203,13,0,33,4,500000,0
"703",7546,12,0,33,4,100000,0
"704",69,20,0,34,4,1000,0
"705",107,4.5,0,35,4,10000,0
"706",840,24,0,33,5,50000,0
"707",13,51,0,36,5,50,0
"708",12,3.9,0,40,4,1000,0
"709",4,6.4,0,39,4,1000,0
"710",6,9.5,0,38,4,1000,0
"711",17,1.1,0,39,5,10000,0
"712",185,5.1,0,46,5,10000,0
"713",3,29,0,40,4,1000,0
"714",22339,34,0,36,5,1000000,0
"715",31,85,1.49,42,4,100,0
"716",61,96,2.99,42,4,500,0
"717",1657,14,3.49,33,4,10000,0
"718",1704,1.6,0,61,4,100000,0
"719",324,25.2706629055007,0,32,4.14285714285714,50000,0
"720",19,6,0,47,4,1000,0
"721",134,3.6,0,47,4,100000,0
"722",54,11,0,32,4,1000,0
"723",5,3.1,0,47,4,1000,0
"724",3,6,0,47,4,100,0
"725",3,7.4,0,47,4,100,0
"726",2351,29,0,32,4,100000,0
"727",7786,12,0,34,4,500000,0
"728",403,11,0,34,4,50000,0
"729",13,11,0,33,4,1000,0
"730",5045,24,0,34,4,100000,0
"731",42,23,0,33,4,500,0
"732",20,16,0,35,4,5000,0
"733",130,12,0,33,4,5000,0
"734",3775,17,0,34,4,100000,0
"735",12616,18,0,34,4,100000,0
"736",330,4.6,0,34,4,100000,0
"737",24,33,0,34,4,1000,0
"738",18360,6.4,0,35,4,1000000,0
"739",1616,4.3,0,34,4,100000,0
"740",35,4.8,0,39,4,10000,0
"741",1762,4.8,0,33,4,100000,0
"742",56810,11,0,35,4,1000000,0
"743",2182,25.2706629055007,0,33,5,50000,0
"744",37508,42,0,33,4,1000000,0
"745",34805,70,0,33,4,1000000,0
"746",18185,5.3,0,37,4,1000000,0
"747",1,22,0,35,5,50,0
"748",9,12,0,38,4,500,0
"749",27236,61,0,33,5,1000000,0
"750",384,3.7,0,61,4,10000,0
"751",53,33,0,34,4,10000,0
"752",4,3.1,0,38,5,50,0
"753",542,1.7,0,57,2,50000,0
"754",1350,14,0,38,4,10000,0
"755",35398,94,0,35,4,1000000,0
"756",8,5.4,0,34,4,100,0
"757",243,3,0,43,4,10000,0
"758",426,76,0,34,4,10000,0
"759",337,28,0,32,4,100000,0
"760",285,14,0,32,4,50000,0
"761",22,39,0,38,5,1000,0
"762",42,15,0,36,4,10000,0
"763",2362,11,0,33,4,100000,0
"764",63,9.5,6,34,4,500,0
"765",7,11,0,34,4,100,0
"766",7,10,0,67,4,500,0
"767",10,10,0,78,4,1000,0
"768",175,8.5,0,45,4,50000,0
"769",196,7,0,32,4,10000,0
"770",803,3.7,0,39,4,50000,0
"771",20548,6.6,0,33,4,1000000,0
"772",2,19,0,35,4,50,0
"773",6553,69,0.99,33,4,50000,0
"774",67,4.6,0,33,4,10000,0
"775",25,8.2,0,41,4,10000,0
"776",6,4.3,0,56,5,1000,0
"777",3,16,0,73,2,500,0
"778",4,165,0,90,2,1000,0
"779",40029,30,0,33,5,100000,0
"780",1886,3.9,0,39,4,100000,0
"781",1419,20,0,33,5,50000,0
"782",152,11,0,34,4,50000,2
"783",492,2.4,0,35,4,50000,2
"784",37349,78,0,40,2,1000000,0
"785",140,22,0,33,4,50000,0
"786",4757,25.2706629055007,0,33,4.14285714285714,1000000,0
"787",13,53,0,39,4,500,0
"788",4,37,0,37,4,100,0
"789",951,3.5,0,34,4,100000,0
"790",341,2.8,0.99,35,4,50000,0
"791",8136,8,0,33,6,100000,0
"792",423,29,0,35,4,100000,0
"793",248,12,0,36,4,50000,0
"794",106,16,0,37,4,5000,0
"795",2,11,0,33,4,100,0
"796",1538,11,0,40,4,100000,0
"797",7897,10,0,42,4,500000,0
"798",6336,35,0,38,4,100000,0
"799",21,4.7,0,38,5,5000,0
"800",81,22,0,33,4,10000,0
"801",6131,27,0,37,4,100000,0
