,Reviews,Size,Price,Last Updated,Minimum Android Version,install,Content
0,8.498855452917481e-05,0.030488448148538877,0.0,0.6438356164383561,0.2857142857142857,9.998000199960003e-05,0.0
1,0.060569062632211616,0.025499169643950527,0.0,0.0136986301369863,0.4489795918367347,0.019999980399999607,0.0
2,0.0973056762611835,0.0023209199282624745,0.0,0.0136986301369863,0.42857142857142855,0.019999980399999607,0.0
3,0.006410209903073663,0.026268593733516192,0.0,0.0273972602739726,0.5714285714285714,0.0019999800399996006,0.0
4,0.0029953283242599416,0.07163202869501002,0.0,0.0,0.5714285714285714,0.0019999800399996006,0.0
5,0.0063818112885114745,0.020993775714737838,0.0,0.0273972602739726,0.42857142857142855,0.0019999800399996006,0.0
6,0.015749208310885644,0.03787319337482857,0.0,0.0136986301369863,0.4489795918367347,0.019999980399999607,0.0
7,0.001649607114495544,0.0023209199282624745,0.0,0.12328767123287676,0.42857142857142855,0.0009999800199996004,0.0
8,0.010585635400344805,0.03892815697858424,0.0,0.1095890410958904,0.42857142857142855,0.0019999800399996006,0.0
9,0.05432572050083548,0.025499169643950527,0.0,0.0136986301369863,0.4489795918367347,0.019999980399999607,0.0
10,0.002409736454638188,0.036818229771072894,0.0,0.0136986301369863,0.5714285714285714,0.0019999800399996006,0.3333333333333333
11,0.0019240579588775623,0.03892815697858424,0.0,0.0,0.7142857142857142,0.0019999800399996006,0.3333333333333333
12,0.0050920581512419,0.033653338959805885,0.0,0.0136986301369863,0.42857142857142855,0.0019999800399996006,0.0
13,0.03382917590744456,0.07163202869501002,0.0,0.0,0.5714285714285714,0.009999980199999602,0.0
14,0.014777851319364394,0.022048739318493514,0.0,0.0136986301369863,0.42857142857142855,0.009999980199999602,0.3333333333333333
15,0.4231816439647036,0.025499169643950527,0.0,0.0,0.4489795918367347,0.09999998199999963,0.0
16,0.10786353491443829,0.025499169643950527,0.0,0.0,0.4489795918367347,0.019999980399999607,0.0
17,0.04164086780362006,0.025499169643950527,0.0,0.0,0.4489795918367347,0.019999980399999607,0.0
18,0.007564603220568723,0.025499169643950527,0.0,0.0,0.4489795918367347,0.0019999800399996006,0.0
19,0.09158947045704563,0.025499169643950527,0.0,0.0,0.4489795918367347,0.019999980399999607,0.0
20,0.005284629778455567,0.012554066884692476,0.0,0.0136986301369863,0.42857142857142855,0.0019999800399996006,0.0
21,0.18136205144958342,0.025499169643950527,0.0,0.0136986301369863,0.4489795918367347,0.019999980399999607,0.0
22,0.029986034929466755,0.009389176073425466,0.0,0.0136986301369863,0.42857142857142855,0.019999980399999607,0.0
23,0.052820386639882144,0.04314801139360692,0.0,0.5068493150684932,0.42857142857142855,0.0019999800399996006,0.0
24,0.0025121372983879747,0.01677392129971516,0.0,0.0136986301369863,0.42857142857142855,0.0009999800199996004,0.0
25,0.05382262971585424,0.08429159194007807,0.0,0.0136986301369863,0.5714285714285714,0.019999980399999607,0.0
26,0.028746860346599908,0.025499169643950527,0.0,0.0136986301369863,0.4489795918367347,0.019999980399999607,0.0
27,0.042020828829112684,0.004219854415022681,0.0,0.0136986301369863,0.42857142857142855,0.019999980399999607,0.0
28,0.028245842453192553,0.030488448148538877,0.0,0.0821917808219178,0.42857142857142855,0.019999980399999607,0.0
29,0.000248332410551101,0.0294334845447832,0.4993742177722153,0.0273972602739726,0.42857142857142855,1.998000039960001e-05,0.0
30,0.046668459026914216,0.036818229771072894,0.0,0.0273972602739726,0.42857142857142855,0.009999980199999602,0.0
31,0.000673275183196975,0.005485810739529485,0.0,0.3287671232876712,0.42857142857142855,0.00019998000399960007,0.0
32,0.06804722627414944,0.009178183352674334,0.0,0.0136986301369863,0.42857142857142855,0.019999980399999607,0.0
33,0.0038862571227145596,0.0018989344867602065,0.0,0.1917808219178082,0.42857142857142855,0.0019999800399996006,0.0
34,0.0011357372933301188,0.0008439708830045361,0.0,0.0821917808219178,0.42857142857142855,0.0019999800399996006,0.0
35,0.0008459470513013717,0.05369764743116362,0.0,0.0,0.42857142857142855,0.00019998000399960007,0.0
36,0.01566670722624513,0.025499169643950527,0.0,0.0,0.4489795918367347,0.0019999800399996006,0.0
37,0.0006933822314636335,0.05053275661989661,0.37421777221526914,0.0273972602739726,0.7142857142857142,9.998000199960003e-05,0.0
38,0.12916249583607906,0.01782888490347083,0.0,0.0136986301369863,0.4489795918367347,0.019999980399999607,0.0
39,0.01259613293785326,0.02837852094102753,0.0,0.0821917808219178,0.42857142857142855,0.0019999800399996006,0.0
40,0.004002546340009357,0.0032703871716425782,0.0,0.0410958904109589,0.42857142857142855,0.0019999800399996006,0.0
41,0.09263172034039366,0.007912227028167526,0.0,0.0547945205479452,0.42857142857142855,0.019999980399999607,0.3333333333333333
42,0.01229494179216816,0.04209304778985125,0.0,0.0547945205479452,0.42857142857142855,0.0019999800399996006,0.0
43,0.08425744567106651,0.025499169643950527,0.0,0.0273972602739726,0.4489795918367347,0.019999980399999607,0.0
44,0.020892674173159827,0.025499169643950527,0.0,0.0273972602739726,0.4489795918367347,0.019999980399999607,0.0
45,0.07740384426033942,0.05369764743116362,0.0,0.0136986301369863,0.5714285714285714,0.019999980399999607,0.0
46,0.023787467256086475,0.004430847135773815,0.0,0.0410958904109589,0.42857142857142855,0.019999980399999607,0.0
47,0.0004595600619297086,0.025499169643950527,0.37421777221526914,0.547945205479452,0.4489795918367347,0.00019998000399960007,0.0
48,0.0021597457308279813,0.025499169643950527,0.0,0.0,0.4489795918367347,0.0009999800199996004,0.0
49,0.00012914114505286806,0.05158772022365228,0.0,0.0136986301369863,0.42857142857142855,0.00019998000399960007,0.0
50,0.003169451216466056,0.025499169643950527,0.0,0.0273972602739726,0.4489795918367347,0.0019999800399996006,0.0
51,0.04180130961143855,0.07374195590252136,0.0,0.0,0.5714285714285714,0.019999980399999607,0.0
52,0.001931934946858315,0.025499169643950527,0.0,0.0,0.4489795918367347,0.0019999800399996006,0.0
53,0.004492785197232524,0.025499169643950527,0.0,0.0136986301369863,0.4489795918367347,0.0019999800399996006,0.3333333333333333
54,0.0034868109164274378,0.0758518831100327,0.0,0.1095890410958904,0.42857142857142855,0.0009999800199996004,0.0
55,0.06240854661487478,0.025499169643950527,0.0,0.06849315068493156,0.4489795918367347,0.019999980399999607,0.0
56,0.016460831988199445,0.035763266167317224,0.0,0.0,0.42857142857142855,0.0019999800399996006,0.0
57,0.0005167718693688605,0.0034813798923937125,0.0,0.0136986301369863,0.42857142857142855,0.0009999800199996004,0.6666666666666666
58,0.0030355424207932583,0.0092836797130499,0.0,0.28767123287671237,0.42857142857142855,0.0009999800199996004,0.0
59,0.004281764835011304,0.08745648275134507,0.37421777221526914,0.0273972602739726,0.5714285714285714,0.00019998000399960007,0.0
60,0.00045914548361493217,0.0008439708830045361,0.0,0.0547945205479452,0.42857142857142855,0.0009999800199996004,0.0
61,0.0016021378974536392,0.04631290220487393,0.0,0.1643835616438356,0.14285714285714285,0.0009999800199996004,0.0
62,0.00040400656774966265,0.036818229771072894,0.0,0.0136986301369863,0.42857142857142855,0.00019998000399960007,0.0
63,0.003483287000751838,0.0969511551851461,0.0,0.0273972602739726,0.42857142857142855,0.0019999800399996006,0.0
64,0.16699608368594945,0.025499169643950527,0.0,0.0136986301369863,0.4489795918367347,0.019999980399999607,0.0
65,0.004492785197232524,0.004852832577276084,0.0,0.23287671232876717,0.42857142857142855,0.0019999800399996006,0.0
66,4.6225482097575564e-05,0.025499169643950527,0.0,0.0136986301369863,0.4489795918367347,9.998000199960003e-05,0.3333333333333333
67,0.02972257041042631,0.004325350775398249,0.0,0.0136986301369863,0.42857142857142855,0.009999980199999602,0.0
68,0.0070063735197222156,0.025499169643950527,0.0,0.17808219178082196,0.4489795918367347,0.0019999800399996006,0.0
69,0.0009840016301219336,0.04103808418609558,0.0,0.34246575342465757,0.42857142857142855,0.00019998000399960007,0.0
70,0.11311872963254473,0.025499169643950527,0.0,0.0136986301369863,0.4489795918367347,0.019999980399999607,0.0
71,0.03567425669735721,0.058972465449941974,0.0,0.0136986301369863,0.42857142857142855,0.019999980399999607,0.0
72,0.08414882615259507,0.025499169643950527,0.0,0.0,0.4489795918367347,0.019999980399999607,0.3333333333333333
73,0.003948029291616252,0.003692372613144846,0.0,0.0410958904109589,0.42857142857142855,0.0019999800399996006,0.0
74,0.003297763204889371,0.025499169643950527,0.0,0.0410958904109589,0.4489795918367347,0.0019999800399996006,0.0
75,0.0018175113319800114,0.03892815697858424,0.0,0.0136986301369863,0.42857142857142855,0.0019999800399996006,0.3333333333333333
76,0.0013761927159004672,0.054752611034919296,0.0,0.0410958904109589,0.42857142857142855,0.0009999800199996004,0.0
77,0.14150449226697434,0.009389176073425466,0.0,0.0136986301369863,0.42857142857142855,0.09999998199999963,0.0
78,0.0014462564510976893,0.04842282941238527,0.0,0.0821917808219178,0.42857142857142855,0.0019999800399996006,0.0
79,0.0011355300041727308,0.00464183985652495,0.0,0.0136986301369863,0.42857142857142855,0.0019999800399996006,0.0
80,0.00923618298574742,0.025499169643950527,0.0,0.0136986301369863,0.4489795918367347,0.019999980399999607,0.0
81,0.003858687664781925,0.025499169643950527,0.0,0.0,0.42857142857142855,0.0019999800399996006,0.0
82,0.034560077476395466,0.025499169643950527,0.0,0.0136986301369863,0.4489795918367347,0.009999980199999602,0.0
83,0.006218882010804325,0.054752611034919296,0.0,0.0136986301369863,0.42857142857142855,0.0019999800399996006,1.0
84,7.130747014155154e-05,0.025499169643950527,0.0,0.0547945205479452,0.4489795918367347,9.998000199960003e-05,0.3333333333333333
85,0.000129970301682421,0.04103808418609558,0.0,0.28767123287671237,0.42857142857142855,9.998000199960003e-05,0.6666666666666666
86,0.015517666322082992,0.031543411752294546,0.0,0.0,0.42857142857142855,0.009999980199999602,0.0
87,0.016642002711756757,0.025499169643950527,0.0,0.0136986301369863,0.4489795918367347,0.0019999800399996006,0.0
88,0.02446551008990338,0.025499169643950527,0.0,0.06849315068493156,0.4489795918367347,0.009999980199999602,0.0
89,0.0012068374743142822,0.020993775714737838,0.0,0.09589041095890405,0.42857142857142855,0.0009999800199996004,0.0
90,0.0028052441669349335,0.006435277982909589,0.0,0.0410958904109589,0.42857142857142855,0.0019999800399996006,0.3333333333333333
91,0.005418331284970976,0.022048739318493514,0.0,0.0273972602739726,0.42857142857142855,0.0019999800399996006,0.0
92,1.0,0.025499169643950527,0.0,0.0136986301369863,0.4489795918367347,0.19999998399999966,0.0
93,0.012298258418686371,0.036818229771072894,0.0,0.0273972602739726,0.5714285714285714,0.0019999800399996006,0.0
94,0.011044159016487573,0.019938812110982168,0.0,0.0136986301369863,0.42857142857142855,0.0019999800399996006,0.0
95,0.06991531616053218,0.025499169643950527,0.0,0.0136986301369863,0.4489795918367347,0.019999980399999607,0.0
96,0.13211823193127784,0.01782888490347083,0.0,0.0136986301369863,0.42857142857142855,0.019999980399999607,0.0
97,0.025736607203008015,0.01571895769595949,0.0,0.0273972602739726,0.42857142857142855,0.009999980199999602,0.0
98,0.004579432065020804,0.036818229771072894,0.0,0.0136986301369863,0.5714285714285714,0.0019999800399996006,0.3333333333333333
99,0.0010090836181659095,0.012554066884692476,0.0,0.09589041095890405,0.42857142857142855,0.0019999800399996006,0.0
100,0.0006025895805275882,0.023103702922249184,0.0,0.3561643835616438,0.42857142857142855,0.0009999800199996004,0.6666666666666666
101,0.019424652360536372,0.025499169643950527,0.0,0.0136986301369863,0.4489795918367347,0.009999980199999602,0.0
102,0.00026968319376208884,0.031543411752294546,0.0,0.1643835616438356,0.14285714285714285,0.00019998000399960007,0.0
103,0.0068683189409016535,0.06213735626120899,0.0,0.1095890410958904,0.42857142857142855,0.0019999800399996006,0.0
104,0.008722935032054159,0.006435277982909589,0.0,0.06849315068493156,0.42857142857142855,0.0019999800399996006,0.0
105,0.020954653631218907,0.010444139677181137,0.0,0.0410958904109589,0.42857142857142855,0.019999980399999607,0.0
106,4.145783147764624e-07,0.011499103280936807,0.0,0.136986301369863,0.42857142857142855,1.980000039600001e-06,0.0
107,1.2437349443293874e-06,0.014663994092203819,0.0,0.12328767123287676,0.42857142857142855,1.980000039600001e-06,0.0
108,1.036445786941156e-06,0.013609030488448148,0.0,0.12328767123287676,0.42857142857142855,1.980000039600001e-06,0.0
109,2.6325722988305366e-05,0.030488448148538877,0.0,0.0821917808219178,0.42857142857142855,9.998000199960003e-05,0.0
110,2.2801807312705435e-06,0.01782888490347083,0.0,0.12328767123287676,0.42857142857142855,1.998000039960001e-05,0.0
111,9.120722925082176e-06,0.012554066884692476,0.0,0.0821917808219178,0.42857142857142855,1.998000039960001e-05,0.0
112,5.6175361652210664e-05,0.01677392129971516,0.0,0.0410958904109589,0.42857142857142855,0.00019998000399960007,0.0
113,3.1093373608234685e-06,0.01677392129971516,0.0,0.0821917808219178,0.42857142857142855,1.980000039600001e-06,0.0
114,0.0036234144711462823,0.03892815697858424,0.6245306633291615,0.1095890410958904,0.42857142857142855,0.00019998000399960007,0.0
115,0.0032030320599629493,0.025499169643950527,0.0,0.0273972602739726,0.4489795918367347,0.0019999800399996006,0.0
116,0.01915206711857085,0.03892815697858424,0.0,0.1095890410958904,0.42857142857142855,0.009999980199999602,0.0
117,0.04522738480475123,0.025499169643950527,0.6245306633291615,0.0136986301369863,0.4489795918367347,0.0019999800399996006,0.0
118,0.025428575515129104,0.025499169643950527,0.0,0.12328767123287676,0.42857142857142855,0.009999980199999602,0.0
119,0.005343707188311213,0.01677392129971516,0.24906132665832292,0.12328767123287676,0.42857142857142855,0.00019998000399960007,0.0
120,0.003640204892894729,0.025499169643950527,0.0,0.12328767123287676,0.42857142857142855,0.0019999800399996006,0.0
121,0.0034524009163009912,0.03892815697858424,0.6245306633291615,0.1095890410958904,0.42857142857142855,0.00019998000399960007,0.0
122,0.006202920745685432,0.025499169643950527,0.0,0.06849315068493156,0.4489795918367347,0.0019999800399996006,0.0
123,0.010376895218854857,0.00854520519042093,0.0,1.0,0.14285714285714285,0.0019999800399996006,0.0
124,0.0029190459143410724,0.025499169643950527,0.24906132665832292,0.12328767123287676,0.4489795918367347,0.00019998000399960007,0.0
125,0.0018811491032981985,0.01677392129971516,0.24906132665832292,0.12328767123287676,0.42857142857142855,0.00019998000399960007,0.0
126,0.0007360837978856092,0.01677392129971516,0.24906132665832292,0.12328767123287676,0.42857142857142855,0.00019998000399960007,0.0
127,0.0031878999514736083,0.01677392129971516,0.24906132665832292,0.12328767123287676,0.42857142857142855,0.00019998000399960007,0.0
128,0.017012428436009527,0.01677392129971516,0.0,0.12328767123287676,0.42857142857142855,0.0019999800399996006,0.0
129,0.0,0.035763266167317224,0.0,0.0273972602739726,0.42857142857142855,0.0,0.0
130,4.850566282884611e-05,0.0012659563245068042,0.0,0.0136986301369863,0.42857142857142855,1.998000039960001e-05,0.0
131,1.1608192813740949e-05,0.5537503956113513,0.0,0.410958904109589,0.42857142857142855,1.980000039600001e-06,0.0
132,0.0018881969346493982,0.007595737947040828,0.0,0.47945205479452047,0.42857142857142855,0.00019998000399960007,0.0
133,0.0,0.024158666526004853,0.0,0.15068493150684925,0.42857142857142855,9.800000196000003e-07,0.0
134,0.007844236293885446,0.0023209199282624745,0.0,0.0136986301369863,0.42857142857142855,0.0009999800199996004,0.0
135,0.0036505693507641406,0.013609030488448148,0.0,0.0,0.42857142857142855,0.0019999800399996006,0.0
136,0.01563955234662727,0.0294334845447832,0.0,0.0821917808219178,0.42857142857142855,0.0019999800399996006,0.0
137,0.009027857382572247,0.026268593733516192,0.0,0.0821917808219178,0.42857142857142855,0.0019999800399996006,0.0
138,1.5132108489340882e-05,0.030488448148538877,0.0,0.1643835616438356,0.42857142857142855,1.998000039960001e-05,0.0
139,0.000138054578820562,0.007701234307416394,0.0,0.15068493150684925,0.42857142857142855,1.998000039960001e-05,0.0
140,6.529608457729285e-05,0.008439708830045363,0.0,0.0136986301369863,0.5714285714285714,9.998000199960003e-05,0.0
141,8.29156629552925e-06,0.002953898090515877,0.0,0.0136986301369863,0.5714285714285714,9.980000199600005e-06,0.0
142,0.0004158220497207918,0.002953898090515877,0.0,0.0136986301369863,0.5714285714285714,0.00019998000399960007,0.0
143,0.002988695071223518,0.00390336533389598,0.0,0.0136986301369863,0.5714285714285714,0.0019999800399996006,0.0
144,0.0008179630150539605,0.004008861694271548,0.0,0.0136986301369863,0.5714285714285714,0.0009999800199996004,0.0
145,0.004212530256443635,0.004008861694271548,0.0,0.0136986301369863,0.5714285714285714,0.0019999800399996006,0.0
146,1.9899759109270198e-05,0.002953898090515877,0.0,0.0136986301369863,0.5714285714285714,9.980000199600005e-06,0.0
147,4.560361462541087e-05,0.003059394450891444,0.0,0.0136986301369863,0.5714285714285714,1.998000039960001e-05,0.0
148,9.576759071336283e-05,0.006329781622534021,0.0,0.3972602739726028,0.14285714285714285,9.998000199960003e-05,0.0
149,0.07119615586403406,0.025499169643950527,0.0,0.0136986301369863,0.4489795918367347,0.019999980399999607,0.0
150,0.0007702865088546673,0.0758518831100327,0.0,0.0136986301369863,0.5714285714285714,0.00019998000399960007,0.0
151,1.5961265118893803e-05,0.034708302563561555,0.0,0.09589041095890405,0.42857142857142855,9.980000199600005e-06,0.0
152,0.000196302832046655,0.019938812110982168,0.0,0.0136986301369863,0.5714285714285714,1.998000039960001e-05,0.0
153,6.197945805908114e-05,0.01677392129971516,0.0,0.0136986301369863,0.5714285714285714,1.998000039960001e-05,0.0
154,0.0009978900036669452,0.013609030488448148,0.0,0.0821917808219178,0.42857142857142855,0.0009999800199996004,0.0
155,1.4510241017176186e-06,0.013609030488448148,0.0,0.0547945205479452,0.42857142857142855,9.800000196000003e-07,0.0
156,8.706144610305712e-06,0.055807574638674966,0.0,0.09589041095890405,0.5714285714285714,9.980000199600005e-06,0.0
157,0.0005447559056162717,0.06952210148749868,0.0,0.0136986301369863,0.42857142857142855,0.00019998000399960007,0.0
158,8.913433767693943e-05,0.009389176073425466,0.0,0.0821917808219178,0.5714285714285714,1.998000039960001e-05,0.0
159,0.007175106893836236,0.010444139677181137,0.0,0.0,0.42857142857142855,0.0019999800399996006,0.0
160,0.004578602908391251,0.010444139677181137,0.0,0.0136986301369863,0.42857142857142855,0.0019999800399996006,1.0
161,0.00018137801271470233,0.0015824454056335055,0.0,0.34246575342465757,0.42857142857142855,9.998000199960003e-05,0.0
162,0.01333325318152581,0.0294334845447832,0.0,0.0136986301369863,0.42857142857142855,0.009999980199999602,0.3333333333333333
163,0.10391198170714643,0.011499103280936807,0.0,0.0273972602739726,0.42857142857142855,0.019999980399999607,0.0
164,0.031442863127591245,0.013609030488448148,0.0,0.0136986301369863,0.5714285714285714,0.019999980399999607,0.0
165,0.02031827591803704,0.031543411752294546,0.0,0.0136986301369863,0.42857142857142855,0.019999980399999607,0.0
166,0.0006170998215447644,0.009178183352674334,0.0,0.4383561643835616,0.14285714285714285,0.00019998000399960007,0.0
167,0.0006457057252643402,0.05158772022365228,0.0,0.0,0.5714285714285714,0.00019998000399960007,0.0
168,2.9642349506517066e-05,0.0188838485072265,0.0,0.0136986301369863,0.42857142857142855,1.998000039960001e-05,0.0
169,0.0017360466931264367,0.006118788901782889,0.0,0.34246575342465757,0.14285714285714285,0.0019999800399996006,0.0
170,0.0016048326564996863,0.010444139677181137,0.0,0.0136986301369863,0.42857142857142855,0.00019998000399960007,0.0
171,0.010082751904520956,0.05158772022365228,0.0,0.0547945205479452,0.7142857142857142,0.0019999800399996006,0.0
172,2.238722899792897e-05,0.056862538242430635,0.0,0.1095890410958904,0.42857142857142855,1.998000039960001e-05,0.3333333333333333
173,0.0038128767609991255,0.025499169643950527,0.0,0.06849315068493156,0.4489795918367347,0.0019999800399996006,0.3333333333333333
174,0.0001511137957360206,0.02837852094102753,0.0,0.0410958904109589,0.5714285714285714,9.998000199960003e-05,0.0
175,0.00021309325379510172,0.008756197911172065,0.0,0.0,0.42857142857142855,0.00019998000399960007,0.0
176,6.508879541990461e-05,0.013609030488448148,0.0,0.0410958904109589,0.42857142857142855,0.00019998000399960007,0.0
177,0.00012686096432159752,0.024158666526004853,0.0,0.0136986301369863,0.7142857142857142,9.998000199960003e-05,0.0
178,0.0006454984361069521,0.04209304778985125,0.0,0.0136986301369863,0.42857142857142855,0.00019998000399960007,0.0
179,0.001215543618924588,0.035763266167317224,0.0,0.0273972602739726,0.8571428571428572,0.00019998000399960007,0.0
180,0.015291721140529818,0.025499169643950527,0.0,0.0136986301369863,0.42857142857142855,0.19999998399999966,0.0
181,0.022415420323333775,0.013609030488448148,0.0,0.0136986301369863,0.42857142857142855,0.009999980199999602,0.0
182,0.00015484500056900873,0.01571895769595949,0.0,0.0136986301369863,0.42857142857142855,0.00019998000399960007,0.0
183,0.023749947918599208,0.07163202869501002,0.0,0.0,0.5714285714285714,0.009999980199999602,0.0
184,0.008612242622008845,0.07163202869501002,0.0,0.0,0.5714285714285714,0.0019999800399996006,0.0
185,0.004892645981834421,0.025499169643950527,0.0,0.15068493150684925,0.4489795918367347,0.009999980199999602,0.0
186,0.00012976301252503277,0.09062137356261209,0.0,0.0136986301369863,0.42857142857142855,0.00019998000399960007,0.0
187,0.00029621620590778244,0.1011710096001688,0.0,0.0821917808219178,0.42857142857142855,0.00019998000399960007,0.0
188,0.006717827012637798,0.025499169643950527,0.0,0.0821917808219178,0.5714285714285714,0.0019999800399996006,0.0
189,0.037539651824693904,0.025499169643950527,0.0,0.0136986301369863,0.4489795918367347,0.0019999800399996006,0.0
190,0.01646352674724549,0.025499169643950527,0.0,0.0,0.4489795918367347,0.0019999800399996006,0.0
191,0.004665042487022143,0.025213630129760523,0.0,0.0136986301369863,0.42857142857142855,0.019999980399999607,0.0
192,0.005916861708489672,0.01677392129971516,0.0,0.0136986301369863,0.5714285714285714,0.0009999800199996004,0.0
193,0.06820435145544972,0.012554066884692476,0.0,0.0273972602739726,0.42857142857142855,0.019999980399999607,0.0
194,0.00040338470027749795,0.03892815697858424,0.0,0.0273972602739726,0.5714285714285714,0.00019998000399960007,0.0
195,0.005940078094117154,0.057917501846186305,0.0,0.0,0.42857142857142855,0.0019999800399996006,0.0
196,0.0005739836768080122,0.026268593733516192,0.0,0.0136986301369863,0.42857142857142855,0.00019998000399960007,1.0
197,0.004404065437870361,0.014663994092203819,0.0,0.6027397260273972,0.42857142857142855,0.0019999800399996006,0.0
198,0.00014966277163430295,0.034708302563561555,0.0,0.0410958904109589,0.42857142857142855,0.00019998000399960007,0.3333333333333333
199,0.0014653270535774066,0.08745648275134507,0.0,0.0136986301369863,0.42857142857142855,0.0009999800199996004,0.0
200,0.0005010178934073549,0.054752611034919296,0.0,0.0136986301369863,0.42857142857142855,0.00019998000399960007,0.0
201,0.00398699965320524,0.04314801139360692,0.0,0.0136986301369863,0.42857142857142855,0.0019999800399996006,0.0
202,0.008756101297236276,0.06108239265745331,0.0,0.136986301369863,0.42857142857142855,0.0019999800399996006,0.0
203,2.072891573882312e-06,0.013609030488448148,0.0,0.0136986301369863,0.5714285714285714,9.980000199600005e-06,0.0
204,1.036445786941156e-06,0.008017723388543094,0.0,0.15068493150684925,0.42857142857142855,1.980000039600001e-06,0.0
205,1.6583132591058499e-06,0.013609030488448148,0.937421777221527,0.1917808219178082,0.42857142857142855,9.800000196000003e-07,0.0
206,0.0001938153621579962,0.0023209199282624745,0.0,0.0136986301369863,0.42857142857142855,9.998000199960003e-05,0.0
207,0.0006305736167749994,0.006751767064036291,0.0,0.0136986301369863,0.42857142857142855,0.0009999800199996004,0.0
208,0.0045499970046716754,0.010444139677181137,0.0,0.0136986301369863,0.7142857142857142,0.0019999800399996006,0.0
209,0.0013243704265534094,0.0473678658086296,0.0,0.136986301369863,0.42857142857142855,0.00019998000399960007,0.0
210,2.4252831414423054e-05,0.005485810739529485,0.0,0.0821917808219178,0.42857142857142855,9.998000199960003e-05,0.0
211,0.003242209710709325,0.025499169643950527,0.0,0.1917808219178082,0.4489795918367347,0.0019999800399996006,0.0
212,0.0009674184975308752,0.024158666526004853,0.0,0.0136986301369863,0.42857142857142855,0.00019998000399960007,0.0
213,0.0016867118736680375,0.012554066884692476,0.0,0.0136986301369863,0.42857142857142855,0.0009999800199996004,0.0
214,0.0058608936359948495,0.025499169643950527,0.0,0.0,0.4489795918367347,0.0019999800399996006,0.0
215,0.0019387754890521267,0.013609030488448148,0.0,0.0136986301369863,0.5714285714285714,0.0019999800399996006,0.0
216,0.0018005136210741766,0.025499169643950527,0.0,0.0273972602739726,0.4489795918367347,0.0019999800399996006,0.0
217,0.02533861202082261,0.06319231986496465,0.0,0.0136986301369863,0.42857142857142855,0.019999980399999607,0.0
218,0.00017619578377999656,0.005591307099905053,0.0,0.12328767123287676,0.42857142857142855,0.00019998000399960007,0.0
219,0.00030927542282324096,0.002953898090515877,0.0,0.0273972602739726,0.5714285714285714,0.00019998000399960007,0.0
220,1.5753975961505574e-05,0.009389176073425466,0.0,0.12328767123287676,0.42857142857142855,1.980000039600001e-06,0.0
221,0.00025310006117103034,0.09273130077012343,0.0,0.0136986301369863,0.42857142857142855,0.00019998000399960007,0.0
222,2.1143494053599586e-05,0.003692372613144846,0.37421777221526914,0.0136986301369863,0.42857142857142855,9.980000199600005e-06,0.0
223,5.24441568192225e-05,0.0012659563245068042,0.0,0.09589041095890405,0.14285714285714285,1.998000039960001e-05,0.0
224,0.00015484500056900873,0.07479691950627702,0.0,0.0136986301369863,0.42857142857142855,0.00019998000399960007,0.0
225,0.00012831198842331513,0.0010549636037556704,0.0,0.06849315068493156,0.5714285714285714,0.00019998000399960007,0.0
226,0.0011759513898634358,0.03998312058233991,0.0,0.0136986301369863,0.42857142857142855,0.00019998000399960007,0.0
227,0.07203526237314162,0.07057706509125435,0.0,0.0136986301369863,0.42857142857142855,0.019999980399999607,0.0
228,0.00025475837443013615,0.019938812110982168,0.0,0.1095890410958904,0.42857142857142855,0.00019998000399960007,0.0
229,0.006756175506754621,0.032598375356050216,0.0,0.0,0.42857142857142855,0.0019999800399996006,0.0
230,0.17795587601538002,0.05369764743116362,0.0,0.0136986301369863,0.42857142857142855,0.019999980399999607,0.0
231,4.290885557936386e-05,0.008650701550796497,0.0,0.0547945205479452,0.42857142857142855,0.00019998000399960007,0.0
232,0.0002549656635875244,0.009389176073425466,0.0,0.0136986301369863,0.42857142857142855,9.998000199960003e-05,0.0
233,0.0013836551255664434,0.002531912649013609,0.0,0.0,0.42857142857142855,0.0009999800199996004,0.0
234,0.01166312444044883,0.009389176073425466,0.0,0.0273972602739726,0.42857142857142855,0.0019999800399996006,0.0
235,0.0014499876559306774,0.004747336216900516,0.0,0.0273972602739726,0.5714285714285714,0.0009999800199996004,0.0
236,0.01288571589072462,0.011499103280936807,0.0,0.0136986301369863,0.2857142857142857,0.0019999800399996006,0.0
237,0.011387015282807706,1.0,0.0,0.136986301369863,0.42857142857142855,0.0019999800399996006,0.0
238,0.023316506290500416,0.025499169643950527,0.0,0.0,0.42857142857142855,0.009999980199999602,0.0
239,0.0002628426515682772,0.02732355733727186,0.0,0.0,0.5714285714285714,0.00019998000399960007,0.0
240,7.4624096659763255e-06,0.005380314379153919,0.0,0.0136986301369863,0.42857142857142855,1.998000039960001e-05,0.0
241,0.0004172730738225095,0.010444139677181137,0.0,0.0410958904109589,0.42857142857142855,0.00019998000399960007,0.0
242,0.002873027721400885,0.023103702922249184,0.0,0.0136986301369863,0.42857142857142855,0.0019999800399996006,0.0
243,0.0004566580137262734,0.013609030488448148,0.0,0.0136986301369863,0.42857142857142855,0.00019998000399960007,0.0
244,0.0031027041077870453,0.006013292541407321,0.0,0.0273972602739726,0.42857142857142855,0.0019999800399996006,0.0
245,0.0035504486877456247,0.013609030488448148,0.4367959949937422,0.0136986301369863,0.42857142857142855,0.00019998000399960007,0.0
246,0.006864587736068665,0.002637409009389176,0.0,0.1643835616438356,0.42857142857142855,0.0009999800199996004,0.0
247,0.0013799239207334553,0.04103808418609558,0.0,0.0410958904109589,0.42857142857142855,0.0009999800199996004,0.0
248,0.001968417838558644,0.09800611878890178,0.0,0.09589041095890405,0.42857142857142855,0.00019998000399960007,0.0
249,0.0036273529651366584,0.009389176073425466,0.0,0.0136986301369863,0.42857142857142855,0.0019999800399996006,0.0
250,0.0020749644654561947,0.04103808418609558,0.0,0.0273972602739726,0.5714285714285714,0.0019999800399996006,0.0
251,3.192253023778761e-05,0.0012659563245068042,0.0,0.31506849315068486,0.42857142857142855,1.998000039960001e-05,0.0
252,0.003085913686038599,0.034708302563561555,0.0,0.3561643835616438,0.42857142857142855,0.0009999800199996004,0.0
253,0.00045831632698537926,0.025499169643950527,0.0,0.0136986301369863,0.42857142857142855,0.0019999800399996006,0.0
254,2.0728915738823124e-07,0.07690684671378838,0.0,0.0136986301369863,0.42857142857142855,1.8000000360000006e-07,0.0
255,2.0728915738823124e-07,0.08534655554383373,0.0,0.0136986301369863,0.42857142857142855,1.8000000360000006e-07,0.0
256,8.498855452917481e-06,0.08007173752505538,0.0,0.0136986301369863,0.42857142857142855,1.980000039600001e-06,0.0
257,1.036445786941156e-06,0.07796181031754404,0.0,0.0136986301369863,0.42857142857142855,9.800000196000003e-07,0.0
258,1.036445786941156e-06,0.07796181031754404,0.0,0.0136986301369863,0.42857142857142855,9.800000196000003e-07,0.0
259,0.00011836210886868004,0.019938812110982168,0.0,0.5205479452054794,0.42857142857142855,0.00019998000399960007,0.0
260,9.597487987075107e-05,0.03787319337482857,0.0,0.0410958904109589,0.5714285714285714,9.998000199960003e-05,0.0
261,0.00018013427777037295,0.04209304778985125,0.0,0.0410958904109589,0.5714285714285714,0.00019998000399960007,0.0
262,6.529608457729285e-05,0.04842282941238527,0.0,0.0136986301369863,0.5714285714285714,1.998000039960001e-05,0.0
263,0.0002914485552878531,0.036818229771072894,0.0,0.1095890410958904,0.5714285714285714,0.00019998000399960007,0.0
264,0.0007433389183941972,0.02732355733727186,0.0,0.0136986301369863,0.42857142857142855,0.00019998000399960007,0.0
265,0.0016632881988831675,0.025213630129760523,0.0,0.0136986301369863,0.5714285714285714,0.00019998000399960007,0.0
266,0.00021910463935936043,0.010444139677181137,0.0,0.0273972602739726,0.42857142857142855,9.998000199960003e-05,0.0
267,0.0023320030206176014,0.03787319337482857,0.0,0.0136986301369863,0.42857142857142855,0.0019999800399996006,0.0
268,0.041056105090627855,0.025499169643950527,0.0,0.0136986301369863,0.4489795918367347,0.019999980399999607,0.0
269,0.0006726533157248104,0.02837852094102753,0.0,0.452054794520548,0.2857142857142857,0.0009999800199996004,0.0
270,4.7676506199293185e-05,0.01677392129971516,0.6245306633291615,0.726027397260274,0.14285714285714285,9.980000199600005e-06,0.0
271,9.535301239858637e-06,0.0294334845447832,0.0,0.7808219178082192,0.14285714285714285,9.980000199600005e-06,0.0
272,7.669698823364556e-06,0.02732355733727186,0.6245306633291615,0.8767123287671232,0.2857142857142857,1.980000039600001e-06,0.0
273,0.0034710569404659323,0.012554066884692476,0.0,0.0136986301369863,0.42857142857142855,0.0019999800399996006,0.0
274,6.23940363738576e-05,0.0007384745226289692,0.0,0.1095890410958904,0.42857142857142855,1.998000039960001e-05,0.0
275,6.218674721646938e-06,0.2035024791644688,0.0,0.904109589041096,0.0,9.980000199600005e-06,0.0
276,0.006094301227213998,0.022048739318493514,0.0,0.0,0.42857142857142855,0.0019999800399996006,0.0
277,0.003423380434266639,0.026268593733516192,0.0,0.0410958904109589,0.42857142857142855,0.0019999800399996006,0.0
278,2.0728915738823124e-07,0.010444139677181137,0.0,0.09589041095890405,0.42857142857142855,1.8000000360000006e-07,0.0
279,0.0015528030779952402,0.026268593733516192,0.0,0.0136986301369863,0.5714285714285714,0.00019998000399960007,0.0
280,0.0024302580812196233,0.057917501846186305,0.0,0.0136986301369863,0.42857142857142855,0.0009999800199996004,0.0
281,0.0018960739226301512,0.006329781622534021,0.0,0.15068493150684925,0.42857142857142855,0.0019999800399996006,0.0
282,0.001144028859625648,0.006329781622534021,0.0,0.0136986301369863,0.5714285714285714,0.00019998000399960007,0.0
283,0.0029567725409857305,0.08745648275134507,0.0,0.0136986301369863,0.5714285714285714,0.0019999800399996006,0.0
284,0.0018007209102315648,0.06530224707247599,0.0,0.0136986301369863,0.5714285714285714,0.0019999800399996006,0.0
285,6.218674721646937e-07,0.006435277982909589,0.0,0.09589041095890405,0.42857142857142855,9.800000196000003e-07,0.0
286,0.004374215799206455,0.009389176073425466,0.0,0.0821917808219178,0.42857142857142855,0.0009999800199996004,0.0
287,0.013236656434182894,0.0188838485072265,0.0,0.0273972602739726,0.42857142857142855,0.0019999800399996006,0.0
288,3.731204832988162e-05,0.007595737947040828,0.0,0.0410958904109589,0.42857142857142855,1.998000039960001e-05,0.0
289,1.9899759109270198e-05,0.06213735626120899,0.0,0.0273972602739726,0.42857142857142855,9.980000199600005e-06,0.0
290,8.105006053879841e-05,0.030488448148538877,0.0,0.0,0.42857142857142855,0.00019998000399960007,0.0
291,0.0022988367554354844,0.026268593733516192,0.0,0.0136986301369863,0.42857142857142855,0.00019998000399960007,0.0
292,0.0012723408480489634,0.025499169643950527,0.0,0.26027397260273966,0.4489795918367347,0.0019999800399996006,0.0
293,0.00012064228959995059,0.032598375356050216,0.0,0.0273972602739726,1.0,0.00019998000399960007,0.0
294,1.3266506072846799e-05,0.01782888490347083,0.0,0.0136986301369863,0.42857142857142855,1.998000039960001e-05,0.0
295,0.0009419219311721227,0.045257938601118264,0.0,0.6301369863013697,0.2857142857142857,0.00019998000399960007,0.0
296,0.0004373801220891679,0.0013714526848823713,0.0,0.0273972602739726,0.42857142857142855,1.998000039960001e-05,0.0
297,0.0009614071119666165,0.006751767064036291,0.0,0.0136986301369863,0.5714285714285714,0.00019998000399960007,0.0
298,0.0006436328336904579,0.006646270703660724,0.0,0.0136986301369863,0.42857142857142855,0.0009999800199996004,0.0
299,0.0014004455473148902,0.002637409009389176,0.0,0.0136986301369863,0.5714285714285714,0.00019998000399960007,0.0
300,0.001386764462927267,0.012554066884692476,0.0,0.0136986301369863,0.5714285714285714,0.00019998000399960007,0.0
301,0.00015215024152296174,0.011499103280936807,0.2503128911138924,0.0136986301369863,0.5714285714285714,9.980000199600005e-06,0.0
302,0.0018411422959222698,0.006329781622534021,0.0,0.0136986301369863,0.42857142857142855,0.00019998000399960007,0.0
303,0.0007186715086649976,0.025499169643950527,0.0,0.0273972602739726,0.4489795918367347,0.0009999800199996004,0.0
304,0.0011929491007692708,0.025499169643950527,0.0,0.0273972602739726,0.4489795918367347,0.00019998000399960007,0.0
305,0.007466140870809312,0.04420297499736259,0.0,0.0136986301369863,0.5714285714285714,0.0019999800399996006,0.3333333333333333
306,0.0005696306045028595,0.024158666526004853,0.0,0.0136986301369863,0.42857142857142855,0.00019998000399960007,0.0
307,5.472433755049304e-05,0.0473678658086296,0.0,0.0273972602739726,0.5714285714285714,1.998000039960001e-05,0.0
308,0.07042897869254021,0.010444139677181137,0.0,0.06849315068493156,0.42857142857142855,0.019999980399999607,0.0
309,0.01372233492994352,0.007595737947040828,0.0,0.06849315068493156,0.5714285714285714,0.0019999800399996006,0.0
310,0.03207550963594013,0.011499103280936807,0.0,0.4657534246575342,0.42857142857142855,0.019999980399999607,0.0
311,1.2437349443293874e-06,0.06530224707247599,0.0,0.34246575342465757,0.42857142857142855,1.980000039600001e-06,0.0
312,0.03195673294875667,0.0092836797130499,0.0,0.0136986301369863,0.42857142857142855,0.019999980399999607,0.0
313,0.036894775256059116,0.014663994092203819,0.0,0.0136986301369863,0.42857142857142855,0.009999980199999602,0.6666666666666666
314,0.006861892977022619,0.013609030488448148,0.0,0.0547945205479452,0.42857142857142855,0.009999980199999602,0.3333333333333333
315,4.767650619929319e-06,0.02732355733727186,0.0,0.0136986301369863,0.42857142857142855,9.998000199960003e-05,0.0
316,1.4510241017176188e-05,0.008228716109294229,0.0,0.0410958904109589,0.42857142857142855,0.00019998000399960007,0.0
317,0.015520361081129037,0.025499169643950527,0.0,0.0273972602739726,0.4489795918367347,0.0019999800399996006,0.0
318,0.0013880081978715963,0.034708302563561555,0.0,0.12328767123287676,0.42857142857142855,0.00019998000399960007,0.0
319,0.0007250974725440328,0.002637409009389176,0.0,0.0136986301369863,0.5714285714285714,0.00019998000399960007,0.0
320,4.560361462541088e-06,0.04209304778985125,0.0,0.2465753424657534,0.42857142857142855,9.980000199600005e-06,0.0
321,3.897036158898747e-05,0.01571895769595949,0.0,0.0136986301369863,0.14285714285714285,1.998000039960001e-05,0.0
322,5.596807249482244e-06,0.024158666526004853,0.0,0.0136986301369863,0.42857142857142855,1.8000000360000006e-07,0.0
323,4.933481945839903e-05,0.011499103280936807,0.0,0.0136986301369863,0.42857142857142855,9.998000199960003e-05,0.0
324,0.0001506992174212441,0.022048739318493514,0.0,0.0273972602739726,0.5714285714285714,1.998000039960001e-05,0.0
325,0.0011674525344105183,0.025499169643950527,0.0,0.0273972602739726,0.5714285714285714,0.00019998000399960007,0.0
326,0.00015899078371677336,0.014663994092203819,0.5619524405506884,0.0273972602739726,0.42857142857142855,1.998000039960001e-05,0.0
327,6.30159038460223e-05,0.02732355733727186,0.6245306633291615,0.06849315068493156,0.42857142857142855,1.998000039960001e-05,0.0
328,0.000286888193825312,0.023103702922249184,0.0,0.0821917808219178,0.42857142857142855,0.00019998000399960007,0.0
329,0.0004738630137894966,0.005485810739529485,0.0,0.0547945205479452,0.42857142857142855,0.00019998000399960007,0.3333333333333333
330,0.00031425036260055854,0.04103808418609558,0.0,0.0273972602739726,0.5714285714285714,0.00019998000399960007,0.0
331,0.00041333457983213306,0.012554066884692476,0.0,0.0410958904109589,0.42857142857142855,0.0009999800199996004,0.0
332,1.036445786941156e-06,0.019938812110982168,0.0,0.0410958904109589,0.42857142857142855,9.980000199600005e-06,0.0
333,2.6118433830917133e-05,0.012554066884692476,0.0,0.0273972602739726,0.42857142857142855,9.998000199960003e-05,0.0
334,5.596807249482244e-06,0.010444139677181137,0.0,0.136986301369863,0.42857142857142855,1.998000039960001e-05,0.0
335,0.00010240084374978623,0.0013714526848823713,0.0,0.06849315068493156,0.7142857142857142,0.00019998000399960007,0.0
336,0.0002394189767834071,0.012554066884692476,0.0,0.0136986301369863,0.42857142857142855,0.00019998000399960007,0.0
337,2.4874698886587747e-06,0.011499103280936807,0.0,0.0547945205479452,0.42857142857142855,1.980000039600001e-06,0.0
338,0.00021620259115592518,0.00854520519042093,0.0,0.0273972602739726,0.42857142857142855,9.998000199960003e-05,0.0
339,1.036445786941156e-06,0.010444139677181137,0.0,0.0547945205479452,0.42857142857142855,9.980000199600005e-06,0.0
340,1.7619578377999654e-05,0.012554066884692476,0.0,0.0547945205479452,0.42857142857142855,9.998000199960003e-05,0.0
341,0.003956320857911781,0.06108239265745331,0.0,0.0136986301369863,0.42857142857142855,0.0019999800399996006,0.0
342,0.0035844441095572947,0.025499169643950527,0.0,0.0136986301369863,0.5714285714285714,0.0019999800399996006,0.0
343,6.280861468863407e-05,0.0013714526848823713,0.0,0.0547945205479452,0.42857142857142855,9.980000199600005e-06,0.0
344,0.0005051636765551195,0.0034813798923937125,0.0,0.0136986301369863,0.42857142857142855,0.00019998000399960007,0.0
345,0.0013795093424186788,0.019938812110982168,0.0,0.0,0.4489795918367347,0.0019999800399996006,0.0
346,5.368789176355189e-05,0.01782888490347083,0.0,0.0136986301369863,0.5714285714285714,1.998000039960001e-05,0.0
347,0.00027320710943768876,0.032598375356050216,0.0,0.0136986301369863,0.42857142857142855,9.998000199960003e-05,0.0
348,0.0008784914490113239,0.0294334845447832,0.0,0.0136986301369863,0.5714285714285714,9.998000199960003e-05,0.0
349,0.001883429284029469,0.01571895769595949,0.7496871088861077,0.0136986301369863,0.42857142857142855,9.998000199960003e-05,0.0
350,2.2594518155317204e-05,0.030488448148538877,0.0,0.0273972602739726,0.42857142857142855,1.980000039600001e-06,0.0
351,0.0004945919295283197,0.002742905369764743,0.0,0.0,0.5714285714285714,0.00019998000399960007,0.0
352,0.0008656395212532536,0.014663994092203819,0.0,0.0136986301369863,0.42857142857142855,0.00019998000399960007,0.0
353,0.00066332530364234,0.024158666526004853,0.0,0.0136986301369863,0.42857142857142855,0.00019998000399960007,0.0
354,0.0004968721102595903,0.0188838485072265,0.0,0.0136986301369863,0.42857142857142855,0.00019998000399960007,0.0
355,0.0009759173529837927,0.025499169643950527,0.0,0.26027397260273966,0.4489795918367347,0.0009999800199996004,0.0
356,0.0002937287360191236,0.025499169643950527,0.0,0.0136986301369863,0.4489795918367347,0.00019998000399960007,0.0
357,0.002679419648400277,0.0294334845447832,0.0,0.0136986301369863,0.5714285714285714,0.0019999800399996006,0.0
358,5.990656648519882e-05,0.005485810739529485,0.0,0.0547945205479452,0.42857142857142855,9.998000199960003e-05,0.0
359,1.4510241017176186e-06,0.0013714526848823713,0.0,0.06849315068493156,0.7142857142857142,1.980000039600001e-06,0.0
360,7.669698823364556e-06,0.0473678658086296,0.0,0.0136986301369863,0.42857142857142855,9.980000199600005e-06,0.0
361,0.002935629046932131,0.007595737947040828,0.0,0.0273972602739726,0.42857142857142855,0.0009999800199996004,0.0
362,4.0421385690705086e-05,0.005907796181031755,0.0,0.0547945205479452,0.42857142857142855,0.00019998000399960007,0.0
363,0.00927017840755909,0.025499169643950527,0.0,0.0136986301369863,0.4489795918367347,0.0019999800399996006,0.0
364,0.0002837788564644885,0.060027429053697644,0.0,0.12328767123287676,0.7142857142857142,9.998000199960003e-05,0.0
365,0.002837995853802274,0.03892815697858424,0.0,0.12328767123287676,0.42857142857142855,0.0019999800399996006,0.0
366,0.0012652930166977634,0.0012659563245068042,0.0,0.0,0.42857142857142855,0.0009999800199996004,0.0
367,0.009073460997197658,0.002637409009389176,0.0,0.0136986301369863,0.42857142857142855,0.0019999800399996006,0.0
368,0.0705983339341264,0.005274818018778351,0.0,0.0273972602739726,0.42857142857142855,0.019999980399999607,0.0
369,0.05118238771820034,0.025499169643950527,0.0,0.0410958904109589,0.4489795918367347,0.019999980399999607,0.0
370,0.0005140771103228134,0.004747336216900516,0.6245306633291615,0.0273972602739726,0.5714285714285714,1.998000039960001e-05,0.0
371,8.291566295529248e-07,0.01782888490347083,0.12390488110137672,0.09589041095890405,0.42857142857142855,8.000000160000003e-08,0.0
372,5.24441568192225e-05,0.010444139677181137,0.0,0.0410958904109589,0.5714285714285714,9.998000199960003e-05,0.0
373,0.0003812047604369572,0.025499169643950527,0.0,0.0273972602739726,0.4489795918367347,0.00019998000399960007,0.0
374,0.025709866901704934,0.0032703871716425782,0.0,0.0273972602739726,0.5714285714285714,0.019999980399999607,0.0
375,0.0008073912680271607,0.002637409009389176,0.0,0.0273972602739726,0.42857142857142855,0.0019999800399996006,0.0
376,7.29657834006574e-05,0.025499169643950527,0.0,0.0,0.4489795918367347,9.998000199960003e-05,0.0
377,1.7619578377999654e-05,0.002215423567886908,0.0,0.410958904109589,0.42857142857142855,9.980000199600005e-06,0.0
378,0.0004388311461908855,0.054752611034919296,0.0,0.0273972602739726,0.42857142857142855,0.00019998000399960007,0.0
379,0.00036731638689194575,0.025213630129760523,0.0,0.0273972602739726,0.42857142857142855,9.998000199960003e-05,0.0
380,4.560361462541088e-06,0.054752611034919296,0.8748435544430538,0.15068493150684925,0.42857142857142855,1.8000000360000006e-07,0.0
381,0.008419670994795177,0.025499169643950527,0.0,0.0136986301369863,0.42857142857142855,0.0009999800199996004,0.0
382,3.5861024228164005e-05,0.007173752505538559,0.0,0.0136986301369863,0.42857142857142855,1.998000039960001e-05,0.0
383,3.9799518218540396e-05,0.0050638252980272185,0.0,0.0136986301369863,0.42857142857142855,1.998000039960001e-05,0.0
384,0.0002470886756067716,0.025499169643950527,0.0,0.0136986301369863,0.4489795918367347,0.00019998000399960007,0.0
385,3.026421697868176e-05,0.0015824454056335055,0.0,0.0273972602739726,0.42857142857142855,9.998000199960003e-05,0.0
386,0.0005258925922939427,0.008861694271547631,0.0,0.0410958904109589,0.42857142857142855,0.00019998000399960007,0.0
387,1.0157168712023331e-05,0.025499169643950527,0.0,0.1095890410958904,0.4489795918367347,9.980000199600005e-06,0.0
388,0.003292580975954665,0.025499169643950527,0.12390488110137672,0.09589041095890405,0.4489795918367347,0.00019998000399960007,0.0
389,1.0779036184188024e-05,0.06108239265745331,0.0,0.0136986301369863,0.5714285714285714,1.998000039960001e-05,0.0
390,0.00022739620565488967,0.01782888490347083,0.0,0.06849315068493156,0.42857142857142855,0.00019998000399960007,0.0
391,0.0005395736766815659,0.03998312058233991,0.0,0.0273972602739726,0.7142857142857142,0.00019998000399960007,0.0
392,4.560361462541088e-06,0.03892815697858424,0.24906132665832292,0.47945205479452047,0.42857142857142855,1.980000039600001e-06,0.0
393,1.0364457869411562e-05,0.035763266167317224,0.0,0.34246575342465757,0.42857142857142855,1.998000039960001e-05,0.0
394,8.498855452917481e-06,0.023103702922249184,0.0,0.3835616438356164,0.42857142857142855,9.980000199600005e-06,0.0
395,0.0007829311474553493,0.034708302563561555,0.0,0.31506849315068486,0.42857142857142855,0.0019999800399996006,0.0
396,2.9020482034352373e-06,0.022048739318493514,0.0,0.06849315068493156,0.7142857142857142,1.980000039600001e-06,0.0
397,5.534620502265774e-05,0.0011604599641312375,0.0,0.36986301369863006,0.42857142857142855,0.00019998000399960007,0.0
398,0.00014095662702399726,0.010444139677181137,0.0,0.0,0.5714285714285714,9.998000199960003e-05,0.0
399,0.005656506526810053,0.009178183352674334,0.0,0.0136986301369863,0.42857142857142855,0.0019999800399996006,0.0
400,0.0006127467492396115,0.019938812110982168,0.0,0.0136986301369863,0.42857142857142855,0.00019998000399960007,0.0
401,0.0004869222307049552,0.011499103280936807,0.0,0.0136986301369863,0.5714285714285714,0.0009999800199996004,0.0
402,0.004391420799269678,0.003797868973520414,0.0,0.0273972602739726,0.42857142857142855,0.0009999800199996004,0.0
403,9.120722925082176e-06,0.012554066884692476,0.0,0.42465753424657526,0.42857142857142855,1.998000039960001e-05,0.0
404,7.773343402058672e-05,0.006329781622534021,0.0,0.1095890410958904,0.5714285714285714,0.00019998000399960007,0.0
405,0.0007298651231639621,0.00390336533389598,0.0,0.0,0.42857142857142855,0.00019998000399960007,0.0
406,0.0003125920493414527,0.08956640995885641,0.12390488110137672,0.1643835616438356,0.42857142857142855,1.998000039960001e-05,0.0
407,0.0012476734383197639,0.0050638252980272185,0.0,0.0273972602739726,0.5714285714285714,0.0009999800199996004,0.0
408,0.00025683126600401846,0.0033758835320181445,0.0,0.1095890410958904,0.42857142857142855,0.00019998000399960007,0.0
409,0.00022242126587757212,0.0023209199282624745,0.0,0.0,0.42857142857142855,0.00019998000399960007,0.0
410,0.0006855052434828807,0.010444139677181137,0.0,0.3972602739726028,0.0,0.0009999800199996004,0.0
411,3.3166265182116995e-05,0.002637409009389176,0.0,0.0,0.5714285714285714,1.998000039960001e-05,0.0
412,0.008625509128081691,0.025499169643950527,0.0,0.136986301369863,0.4489795918367347,0.0019999800399996006,0.0
413,0.0014234546437849839,0.006118788901782889,0.0,0.0273972602739726,0.42857142857142855,0.0009999800199996004,0.0
414,3.212981939517584e-05,0.019938812110982168,0.0,0.136986301369863,0.14285714285714285,1.998000039960001e-05,0.0
415,9.991337386112746e-05,0.02732355733727186,0.0,0.0273972602739726,0.42857142857142855,1.998000039960001e-05,0.0
416,6.177216890169292e-05,0.0024264162886380417,0.0,0.0547945205479452,0.42857142857142855,1.998000039960001e-05,0.0
417,2.3423674784870127e-05,0.007173752505538559,0.0,0.136986301369863,0.42857142857142855,1.998000039960001e-05,0.0
418,3.3166265182116998e-06,0.003692372613144846,0.0,0.0273972602739726,0.42857142857142855,1.980000039600001e-06,0.0
419,0.0014487439209863481,0.19506277033442343,0.0,0.0273972602739726,0.42857142857142855,0.0009999800199996004,0.0
420,9.328012082470406e-06,0.0017934381263846394,0.0,0.5068493150684932,0.42857142857142855,1.980000039600001e-06,0.0
421,0.0016178918734151447,0.030488448148538877,0.0,0.0,0.5714285714285714,0.00019998000399960007,0.0
422,0.0002222139767201839,0.02837852094102753,0.0,0.0273972602739726,0.42857142857142855,0.00019998000399960007,0.0
423,0.0023560485628746366,0.025499169643950527,0.0,0.0136986301369863,0.4489795918367347,0.0009999800199996004,0.0
424,0.007194384785473342,0.008439708830045363,0.0,0.0136986301369863,0.42857142857142855,0.0019999800399996006,0.3333333333333333
425,2.715487961785829e-05,0.0049583289376516505,0.0,0.0136986301369863,0.42857142857142855,9.998000199960003e-05,0.0
426,0.005991693094306824,0.013609030488448148,0.0,0.0136986301369863,0.42857142857142855,0.0019999800399996006,0.0
427,0.0040798651957151665,0.025499169643950527,0.0,0.0136986301369863,0.4489795918367347,0.0019999800399996006,0.0
428,2.9020482034352372e-05,0.002215423567886908,0.0,0.0136986301369863,0.42857142857142855,1.998000039960001e-05,0.0
429,0.00011442361487830365,0.003797868973520414,0.0,0.0,0.42857142857142855,1.998000039960001e-05,0.0
430,2.9642349506517066e-05,0.0011604599641312375,0.0,0.0136986301369863,0.42857142857142855,1.998000039960001e-05,0.0
431,0.00011193614498964488,0.025499169643950527,0.0,0.0136986301369863,0.4489795918367347,0.00019998000399960007,0.3333333333333333
432,0.0004962502427874255,0.006224285262158455,0.0,0.09589041095890405,0.42857142857142855,0.00019998000399960007,0.0
433,0.07077909007936893,0.025499169643950527,0.0,0.0547945205479452,0.4489795918367347,0.009999980199999602,0.0
434,0.0005522183152822479,0.002531912649013609,0.0,0.0273972602739726,0.5714285714285714,0.00019998000399960007,0.0
435,0.0210798562822814,0.01677392129971516,0.0,0.0136986301369863,0.42857142857142855,0.0019999800399996006,0.0
436,7.4624096659763255e-06,0.008861694271547631,0.0,0.0821917808219178,0.42857142857142855,1.998000039960001e-05,0.0
437,0.004080487063187332,0.07374195590252136,0.0,0.0410958904109589,0.42857142857142855,0.0019999800399996006,0.3333333333333333
438,8.395210874223365e-05,0.022048739318493514,0.0,0.0136986301369863,0.5714285714285714,1.998000039960001e-05,0.0
439,0.0005969927732781059,0.09062137356261209,0.0,0.0547945205479452,0.42857142857142855,0.00019998000399960007,0.0
440,2.694759046047006e-05,0.011499103280936807,0.0,0.0410958904109589,0.42857142857142855,9.998000199960003e-05,0.0
441,2.2801807312705435e-06,0.0028484017301403097,0.0,0.12328767123287676,0.42857142857142855,1.980000039600001e-06,0.0
442,0.017636368799748104,0.011499103280936807,0.0,0.0547945205479452,0.42857142857142855,0.019999980399999607,0.0
443,0.0017961605487690237,0.005169321658402785,0.0,0.0136986301369863,0.42857142857142855,0.00019998000399960007,0.0
444,6.135759058691645e-05,0.005485810739529485,0.0,0.4383561643835616,0.42857142857142855,9.998000199960003e-05,0.0
445,0.00011235072330442134,0.04420297499736259,0.0,0.0273972602739726,0.7142857142857142,0.00019998000399960007,0.0
446,1.2022771128517412e-05,0.0020044308471357736,0.0,0.0547945205479452,0.42857142857142855,1.980000039600001e-06,0.0
447,2.0107048266658427e-05,0.036818229771072894,0.0,0.0273972602739726,0.5714285714285714,1.998000039960001e-05,0.0
448,1.2851927758070337e-05,0.0013714526848823713,0.0,0.06849315068493156,0.7142857142857142,1.998000039960001e-05,0.0
449,1.679042174844673e-05,0.04209304778985125,0.0,0.0136986301369863,0.5714285714285714,1.998000039960001e-05,0.0
450,0.00017163542231745548,0.01782888490347083,0.0,0.0,0.5714285714285714,0.0009999800199996004,0.0
451,0.00019008415732500806,0.04103808418609558,0.0,0.0547945205479452,0.5714285714285714,0.00019998000399960007,0.0
452,0.0008786987381687122,0.01571895769595949,0.0,0.0136986301369863,0.42857142857142855,0.00019998000399960007,0.0
453,6.840542193811631e-06,0.036818229771072894,0.0,0.0136986301369863,0.42857142857142855,1.980000039600001e-06,0.0
454,0.00022532331408100736,0.022048739318493514,0.0,0.0821917808219178,0.42857142857142855,0.00019998000399960007,0.0
455,3.3166265182116998e-06,0.0028484017301403097,0.0,0.06849315068493156,0.42857142857142855,9.980000199600005e-06,0.0
456,0.0002987036757964412,0.025499169643950527,0.0,0.0410958904109589,0.4489795918367347,0.00019998000399960007,0.0
457,1.6583132591058499e-06,0.0188838485072265,0.0,0.0273972602739726,0.5714285714285714,1.8000000360000006e-07,0.0
458,0.00030181301315726467,0.0031648908112670102,0.0,0.06849315068493156,0.42857142857142855,0.00019998000399960007,0.0
459,0.00028771735045486494,0.002742905369764743,0.0,0.0273972602739726,0.42857142857142855,0.00019998000399960007,0.0
460,0.00011317987993397426,0.025499169643950527,0.37421777221526914,0.0821917808219178,0.4489795918367347,1.980000039600001e-06,0.0
461,7.566054244670441e-05,0.032598375356050216,0.0,0.0136986301369863,0.5714285714285714,1.998000039960001e-05,0.0
462,8.29156629552925e-06,0.012554066884692476,0.0,0.0136986301369863,0.42857142857142855,1.998000039960001e-05,0.0
463,6.218674721646937e-07,0.011499103280936807,0.12390488110137672,0.17808219178082196,0.42857142857142855,1.8000000360000006e-07,0.0
464,2.072891573882312e-06,0.002637409009389176,0.0,0.06849315068493156,0.42857142857142855,1.980000039600001e-06,0.0
465,0.0046683591135403555,0.022048739318493514,0.0,0.0,0.42857142857142855,0.0009999800199996004,0.0
466,0.000414163736461686,0.07901677392129972,0.0,0.0,0.42857142857142855,0.00019998000399960007,0.0
467,2.9020482034352373e-06,0.002531912649013609,0.0,0.1917808219178082,0.42857142857142855,1.980000039600001e-06,0.0
468,9.659674734291576e-05,0.020993775714737838,0.0,0.0,0.5714285714285714,0.00019998000399960007,0.0
469,0.009427718167174146,0.04420297499736259,0.0,0.0410958904109589,0.42857142857142855,0.0019999800399996006,0.0
470,5.182228934705781e-06,0.007595737947040828,0.0,0.0410958904109589,0.42857142857142855,9.980000199600005e-06,0.0
471,0.0001992048802500902,0.009389176073425466,0.0,0.0273972602739726,0.42857142857142855,0.00019998000399960007,0.0
472,1.2644638600682107e-05,0.025499169643950527,0.4367959949937422,0.0410958904109589,0.4489795918367347,9.980000199600005e-06,0.0
473,1.0157168712023331e-05,0.004536343496149383,0.0,0.20547945205479445,0.42857142857142855,1.998000039960001e-05,0.0
474,0.0001824144585016435,0.0008439708830045361,0.0,0.0547945205479452,0.42857142857142855,0.00019998000399960007,0.0
475,0.0003496968085139461,0.0007384745226289692,0.0,0.0821917808219178,0.42857142857142855,9.998000199960003e-05,0.0
476,0.00032627313372907596,0.0008439708830045361,0.0,0.0547945205479452,0.42857142857142855,9.998000199960003e-05,0.0
477,0.0003764371098170279,0.009178183352674334,0.0,0.31506849315068486,0.42857142857142855,0.00019998000399960007,0.0
478,0.03335033795387775,0.06530224707247599,0.0,0.0136986301369863,0.42857142857142855,0.019999980399999607,0.0
479,4.415259052369325e-05,0.034708302563561555,0.19899874843554444,0.8767123287671232,0.14285714285714285,1.998000039960001e-05,0.0
480,2.072891573882312e-06,0.034708302563561555,0.19899874843554444,0.8767123287671232,0.14285714285714285,1.980000039600001e-06,0.0
481,4.560361462541088e-06,0.034708302563561555,0.19899874843554444,0.8767123287671232,0.14285714285714285,1.980000039600001e-06,0.0
482,0.00043199060399707386,0.013609030488448148,0.0,0.2191780821917808,0.42857142857142855,0.00019998000399960007,0.0
483,0.0131960277593348,0.025499169643950527,0.0,0.0136986301369863,0.4489795918367347,0.009999980199999602,0.0
484,0.002157672839254099,0.04103808418609558,0.0,0.0,0.42857142857142855,0.0019999800399996006,0.0
485,0.001175329522391271,0.06108239265745331,0.0,0.0,0.42857142857142855,0.0019999800399996006,0.0
486,0.005207103633592368,0.07690684671378838,0.0,0.0,0.42857142857142855,0.0019999800399996006,0.0
487,0.0014041767521478783,0.036818229771072894,0.0,0.0,0.42857142857142855,0.0019999800399996006,0.0
488,0.0016419374156721796,0.054752611034919296,0.0,0.0,0.42857142857142855,0.0009999800199996004,0.0
489,0.0017043314520460372,0.025499169643950527,0.0,0.20547945205479445,0.42857142857142855,0.0019999800399996006,0.0
490,0.0003239929529978054,0.03787319337482857,0.0,0.0410958904109589,0.5714285714285714,0.00019998000399960007,0.0
491,0.0015202586802852878,0.01571895769595949,0.0,0.0136986301369863,0.42857142857142855,0.00019998000399960007,0.0
492,0.0057958048405749455,0.07057706509125435,0.0,0.0136986301369863,0.5714285714285714,0.0019999800399996006,0.0
493,0.0005348060260616365,0.031543411752294546,0.24906132665832292,0.0273972602739726,0.42857142857142855,9.998000199960003e-05,0.0
494,2.5911144673528904e-05,0.025213630129760523,0.0,0.0,0.42857142857142855,9.998000199960003e-05,0.0
495,0.0003710475917249339,0.08745648275134507,0.0,0.0136986301369863,0.7142857142857142,0.00019998000399960007,0.0
496,0.003749860857153103,0.09906108239265744,0.0,0.0273972602739726,0.7142857142857142,0.0019999800399996006,0.0
497,2.9642349506517066e-05,0.04842282941238527,0.0,0.0136986301369863,0.7142857142857142,1.998000039960001e-05,0.0
498,0.00015940536203154984,0.01782888490347083,0.0,0.0410958904109589,0.5714285714285714,0.00019998000399960007,0.0
499,0.0004359290979874503,0.054752611034919296,0.0,0.0136986301369863,0.5714285714285714,9.998000199960003e-05,0.0
500,0.00027714560342806513,0.020993775714737838,0.0,0.0136986301369863,0.42857142857142855,0.00019998000399960007,0.0
501,0.0006276715685715642,0.006118788901782889,0.0,0.20547945205479445,0.14285714285714285,0.00019998000399960007,1.0
502,4.97493977731755e-06,0.0017934381263846394,0.0,0.0273972602739726,0.42857142857142855,1.980000039600001e-06,0.0
503,1.1400903656352718e-05,0.0028484017301403097,0.0,0.06849315068493156,0.42857142857142855,1.998000039960001e-05,0.0
504,0.0008212796415721722,0.03892815697858424,0.0,0.0410958904109589,0.42857142857142855,0.0019999800399996006,0.0
505,0.0016821515122054966,0.011499103280936807,0.0,0.0273972602739726,0.42857142857142855,0.0019999800399996006,0.0
506,0.0012130561490359291,0.025499169643950527,0.0,0.0136986301369863,0.4489795918367347,0.00019998000399960007,0.0
507,7.773343402058672e-05,0.007490241586665258,0.0,0.0547945205479452,0.42857142857142855,0.00019998000399960007,0.0
508,8.68541569456689e-05,0.0006329781622534021,0.0,0.0273972602739726,0.42857142857142855,0.00019998000399960007,0.0
509,3.3166265182116995e-05,0.010444139677181137,0.0,0.0,0.42857142857142855,1.998000039960001e-05,0.0
510,1.865602416494081e-06,0.010444139677181137,0.0,0.0410958904109589,0.5714285714285714,1.998000039960001e-05,0.0
511,0.0022111534418602628,0.0188838485072265,0.37421777221526914,0.0821917808219178,0.42857142857142855,0.0009999800199996004,0.0
512,7.213662677110447e-05,0.0294334845447832,0.0,0.0273972602739726,0.42857142857142855,1.998000039960001e-05,0.0
513,0.0006935895206210217,0.05264268382740795,0.0,0.0136986301369863,0.5714285714285714,0.00019998000399960007,0.0
514,9.120722925082176e-06,0.030488448148538877,0.0,0.0410958904109589,0.5714285714285714,1.998000039960001e-05,0.0
515,0.011960377092143554,0.003797868973520414,0.0,0.0410958904109589,0.42857142857142855,0.0019999800399996006,0.0
516,0.01156818600636502,0.0034813798923937125,0.0,0.0273972602739726,0.42857142857142855,0.0019999800399996006,0.0
517,0.00010177897627762154,0.003059394450891444,0.0,0.0821917808219178,0.42857142857142855,9.998000199960003e-05,0.0
518,0.0012402110286537874,0.009389176073425466,0.0,0.0410958904109589,0.42857142857142855,0.0019999800399996006,0.0
519,0.0042162614612766235,0.0014769490452579384,0.0,0.0,0.42857142857142855,0.0019999800399996006,0.0
520,0.0015322814514138053,0.0024264162886380417,0.0,0.0,0.42857142857142855,0.0009999800199996004,0.0
521,0.1383553553879323,0.08218166473256672,0.0,0.0136986301369863,0.5714285714285714,0.9999999999999999,0.0
522,4.539632546802264e-05,0.022048739318493514,0.0,0.09589041095890405,0.42857142857142855,9.998000199960003e-05,0.0
523,0.00023858982015385416,0.01571895769595949,0.0,0.0821917808219178,0.42857142857142855,0.00019998000399960007,0.0
524,4.187240979242271e-05,0.04631290220487393,0.0,0.0136986301369863,0.42857142857142855,1.998000039960001e-05,0.0
525,5.887012069825767e-05,0.002742905369764743,0.0,0.0273972602739726,0.42857142857142855,9.998000199960003e-05,0.0
526,2.3009096470093666e-05,0.04947779301614094,0.0,0.0410958904109589,0.5714285714285714,1.980000039600001e-06,0.0
527,4.145783147764624e-07,0.003692372613144846,0.0,0.0821917808219178,0.42857142857142855,1.8000000360000006e-07,0.0
528,0.00019091331395456096,0.060027429053697644,0.0,0.0273972602739726,0.5714285714285714,0.00019998000399960007,0.0
529,0.0004985304235186961,0.0188838485072265,0.0,0.06849315068493156,0.42857142857142855,0.0009999800199996004,0.0
530,0.006459130144217285,0.036818229771072894,0.0,0.2465753424657534,0.42857142857142855,0.0019999800399996006,0.0
531,0.0033043964579257943,0.025499169643950527,0.0,0.0136986301369863,0.4489795918367347,0.0019999800399996006,0.0
532,0.00010053524133329215,0.04842282941238527,0.0,0.12328767123287676,0.5714285714285714,1.998000039960001e-05,0.0
533,0.030822653968685654,0.025499169643950527,0.0,0.12328767123287676,0.4489795918367347,0.009999980199999602,0.0
534,0.04164915936991558,0.025499169643950527,0.0,0.20547945205479445,0.4489795918367347,0.019999980399999607,0.0
535,0.0006811521711777278,0.0011604599641312375,0.0,0.0273972602739726,0.5714285714285714,0.00019998000399960007,0.0
536,1.9277891637105504e-05,0.07690684671378838,0.0,0.0273972602739726,0.5714285714285714,1.998000039960001e-05,0.0
537,0.0005057855440272842,0.020993775714737838,0.0,0.0273972602739726,0.42857142857142855,0.00019998000399960007,0.0
538,1.6583132591058499e-06,0.003692372613144846,0.0,0.2465753424657534,0.42857142857142855,1.980000039600001e-06,0.0
539,0.01122139124605451,0.0013714526848823713,0.0,0.0,0.42857142857142855,0.0019999800399996006,0.0
540,0.00011815481971129181,0.006013292541407321,0.0,0.0,0.42857142857142855,1.998000039960001e-05,0.0
541,2.6325722988305366e-05,0.025499169643950527,0.0,0.0136986301369863,0.42857142857142855,1.998000039960001e-05,0.0
542,2.9020482034352373e-06,0.033653338959805885,0.0,0.1917808219178082,0.14285714285714285,1.980000039600001e-06,0.0
543,4.145783147764624e-07,0.0188838485072265,0.0,0.0410958904109589,0.7142857142857142,1.980000039600001e-06,0.0
544,5.8040964068704743e-05,0.025213630129760523,0.0,0.06849315068493156,0.42857142857142855,1.998000039960001e-05,0.0
545,8.498855452917481e-06,0.08429159194007807,0.0,0.0821917808219178,0.42857142857142855,1.998000039960001e-05,0.0
546,0.0013739125351691966,0.025499169643950527,0.0,0.0547945205479452,0.4489795918367347,0.0009999800199996004,0.0
547,0.00017018439821573785,0.014663994092203819,0.0,0.0136986301369863,0.42857142857142855,0.00019998000399960007,0.0
548,0.00013494524145973855,0.01571895769595949,0.0,0.0136986301369863,0.42857142857142855,1.998000039960001e-05,0.0
549,0.0001094486751009861,0.00854520519042093,0.0,0.0136986301369863,0.42857142857142855,0.00019998000399960007,0.0
550,3.855578327421101e-05,0.007173752505538559,0.0,0.0410958904109589,0.42857142857142855,1.998000039960001e-05,0.0
551,0.00026926861544731233,0.08640151914758941,0.0,0.0,0.42857142857142855,9.998000199960003e-05,0.0
552,0.00021786090441503104,0.004219854415022681,0.0,0.1643835616438356,0.42857142857142855,1.998000039960001e-05,0.0
553,9.991337386112746e-05,0.006962759784787425,0.0,0.0410958904109589,0.42857142857142855,0.00019998000399960007,0.0
554,2.9020482034352373e-06,0.036818229771072894,0.0,0.0410958904109589,0.42857142857142855,1.980000039600001e-06,0.0
555,0.0005024689175090725,0.010444139677181137,0.0,0.0136986301369863,0.42857142857142855,0.00019998000399960007,0.0
556,0.00019422994047277268,0.08112670112881105,0.0,0.0136986301369863,0.7142857142857142,9.998000199960003e-05,0.0
557,2.9020482034352373e-06,0.011499103280936807,0.0,0.0273972602739726,0.42857142857142855,1.998000039960001e-05,0.0
558,0.0009790266903446161,0.010444139677181137,0.0,0.0136986301369863,0.42857142857142855,0.00019998000399960007,0.0
559,4.767650619929319e-06,0.009389176073425466,0.0,0.0547945205479452,0.42857142857142855,1.980000039600001e-06,0.0
560,5.9491988170422364e-05,0.054752611034919296,0.0,0.0136986301369863,0.42857142857142855,9.998000199960003e-05,0.0
561,1.036445786941156e-06,0.006435277982909589,0.0,0.0273972602739726,0.42857142857142855,9.800000196000003e-07,0.0
562,1.2437349443293874e-06,0.01571895769595949,0.0,0.09589041095890405,0.42857142857142855,1.8000000360000006e-07,0.0
563,0.0003855578327421101,0.02732355733727186,0.0,0.0136986301369863,0.42857142857142855,0.00019998000399960007,0.0
564,8.726873526044536e-05,0.002215423567886908,0.0,0.0136986301369863,0.42857142857142855,1.998000039960001e-05,0.0
565,9.328012082470406e-06,0.056862538242430635,0.0,0.09589041095890405,0.42857142857142855,1.998000039960001e-05,0.0
566,4.125054232025802e-05,0.003059394450891444,0.0,0.31506849315068486,0.42857142857142855,1.998000039960001e-05,0.0
567,3.565373507077577e-05,0.013609030488448148,0.0,0.0273972602739726,0.5714285714285714,1.998000039960001e-05,0.0
568,0.001267573197429034,0.030488448148538877,0.0,0.0410958904109589,0.42857142857142855,0.00019998000399960007,0.0
569,0.0011427851246813188,0.019938812110982168,0.0,0.0410958904109589,0.42857142857142855,0.0009999800199996004,0.0
570,0.0001625146993923733,0.031543411752294546,0.0,0.0136986301369863,0.42857142857142855,0.00019998000399960007,0.0
571,0.00027196337449335935,0.04103808418609558,0.0,0.0136986301369863,0.42857142857142855,0.00019998000399960007,0.0
572,0.0,0.008228716109294229,0.0,0.0410958904109589,0.5714285714285714,0.0,0.0
573,1.2022771128517412e-05,0.007173752505538559,0.0,0.0410958904109589,0.42857142857142855,1.998000039960001e-05,0.0
574,0.005565299297559232,0.025499169643950527,0.0,0.0,0.42857142857142855,0.0019999800399996006,0.0
575,0.0010752088593727555,0.020993775714737838,0.0,0.0410958904109589,0.42857142857142855,0.0009999800199996004,0.0
576,0.0007893571113343845,0.00390336533389598,0.0,0.0136986301369863,0.5714285714285714,0.0009999800199996004,0.0
577,8.975620514910412e-05,0.0049583289376516505,0.4993742177722153,0.0,0.14285714285714285,9.998000199960003e-05,0.0
578,6.280861468863407e-05,0.045257938601118264,0.0,0.12328767123287676,0.42857142857142855,9.998000199960003e-05,0.0
579,4.705463872712849e-05,0.026268593733516192,0.0,0.0136986301369863,0.5714285714285714,9.998000199960003e-05,0.0
580,7.980632559446903e-05,0.0011604599641312375,0.0,0.0136986301369863,0.42857142857142855,1.998000039960001e-05,0.0
581,0.00021620259115592518,0.0016879417660090727,0.18648310387984982,0.0273972602739726,0.42857142857142855,9.980000199600005e-06,0.0
582,4.062867484809332e-05,0.019938812110982168,0.0,0.0136986301369863,0.42857142857142855,0.00019998000399960007,0.0
583,0.0010988398233150137,0.02837852094102753,0.0,0.0136986301369863,0.42857142857142855,0.0009999800199996004,0.0
584,2.0728915738823124e-07,0.036818229771072894,0.0,0.0273972602739726,0.42857142857142855,1.8000000360000006e-07,0.0
585,0.0002854371697235944,0.014663994092203819,0.0,0.0273972602739726,0.42857142857142855,0.00019998000399960007,0.0
586,8.706144610305712e-06,0.0013714526848823713,1.0,0.1095890410958904,0.42857142857142855,9.980000199600005e-06,0.0
587,1.4510241017176186e-06,0.004430847135773815,0.24906132665832292,0.0136986301369863,0.5714285714285714,1.8000000360000006e-07,0.0
588,5.928469901303413e-05,0.007595737947040828,0.0,0.0273972602739726,0.42857142857142855,1.998000039960001e-05,0.0
589,0.005952722732717836,0.007595737947040828,0.0,0.0136986301369863,0.42857142857142855,0.0009999800199996004,0.0
590,0.000524441568192225,0.0020044308471357736,0.0,0.0273972602739726,0.42857142857142855,9.998000199960003e-05,0.0
591,3.9384939903763936e-06,0.0016879417660090727,0.0,0.0547945205479452,0.42857142857142855,1.980000039600001e-06,0.0
592,9.328012082470406e-06,0.01677392129971516,0.0,0.0821917808219178,0.42857142857142855,1.998000039960001e-05,0.0
593,0.00010779036184188025,0.05264268382740795,0.0,0.0821917808219178,0.42857142857142855,9.998000199960003e-05,0.0
594,3.1093373608234685e-06,0.006751767064036291,0.0,0.1095890410958904,0.42857142857142855,9.980000199600005e-06,0.0
595,0.0,0.003797868973520414,0.0,0.0410958904109589,0.42857142857142855,0.0,0.0
596,1.4717530174564418e-05,0.007595737947040828,0.0,0.0547945205479452,0.42857142857142855,1.998000039960001e-05,0.0
597,0.0002083256031751724,0.007384745226289692,0.0,0.0547945205479452,0.42857142857142855,0.00019998000399960007,0.0
598,1.0364457869411562e-05,0.010444139677181137,0.0,0.0273972602739726,0.42857142857142855,1.998000039960001e-05,0.0
599,7.047831351199862e-06,0.006751767064036291,0.0,0.0410958904109589,0.42857142857142855,1.998000039960001e-05,0.0
600,0.00013473795230235032,0.031543411752294546,0.0,0.0136986301369863,0.42857142857142855,9.998000199960003e-05,0.0
601,6.6332530364233996e-06,0.0072792488659141254,0.0,0.12328767123287676,0.42857142857142855,1.998000039960001e-05,0.0
602,3.959222906115216e-05,0.007173752505538559,0.0,0.0410958904109589,0.42857142857142855,9.998000199960003e-05,0.0
603,0.00410059411145399,0.006435277982909589,0.0,0.0,0.42857142857142855,0.0019999800399996006,0.0
604,0.0,0.010444139677181137,0.12390488110137672,0.17808219178082196,0.42857142857142855,9.800000196000003e-07,0.0
605,0.0027467886245514522,0.031543411752294546,0.0,0.0136986301369863,0.42857142857142855,0.0009999800199996004,0.0
606,3.4410000126446384e-05,0.0009494672433801032,0.0,0.452054794520548,0.14285714285714285,1.998000039960001e-05,0.0
607,3.897036158898747e-05,0.006118788901782889,0.0,0.06849315068493156,0.42857142857142855,9.998000199960003e-05,0.0
608,0.00019982674772225492,0.05369764743116362,0.0,0.0,0.5714285714285714,0.00019998000399960007,0.0
609,1.2437349443293874e-06,0.0018989344867602065,0.0,0.136986301369863,0.5714285714285714,1.980000039600001e-06,0.0
610,1.3681084387623262e-05,0.010444139677181137,0.0,0.0,0.42857142857142855,1.998000039960001e-05,0.0
611,9.017078346388059e-05,0.007173752505538559,0.0,0.0410958904109589,0.42857142857142855,0.00019998000399960007,0.0
612,4.3116144736752096e-05,0.01677392129971516,0.0,0.0136986301369863,0.42857142857142855,1.998000039960001e-05,0.0
613,8.498855452917481e-06,0.04631290220487393,0.0,0.0136986301369863,0.42857142857142855,9.980000199600005e-06,0.0
614,0.000933215786561817,0.034708302563561555,0.0,0.5753424657534247,0.42857142857142855,0.00019998000399960007,0.3333333333333333
615,0.0007926737378525962,0.025499169643950527,0.0,0.0273972602739726,0.4489795918367347,0.00019998000399960007,0.0
616,1.2437349443293874e-06,0.007595737947040828,0.18648310387984982,0.0136986301369863,0.42857142857142855,8.000000160000003e-08,0.0
617,0.00018801126575112575,0.013609030488448148,0.0,0.0410958904109589,0.5714285714285714,1.998000039960001e-05,0.0
618,0.005942150985691036,0.003692372613144846,0.0,0.23287671232876717,0.2857142857142857,0.0019999800399996006,0.0
619,0.0049059124879072685,0.0012659563245068042,0.0,0.31506849315068486,0.42857142857142855,0.0019999800399996006,0.0
620,1.4095662702399724e-05,0.0010549636037556704,0.0,0.0410958904109589,0.5714285714285714,1.980000039600001e-06,0.0
621,0.005313235682175143,0.034708302563561555,0.0,0.0547945205479452,0.42857142857142855,0.0019999800399996006,0.0
622,3.1093373608234685e-06,0.06213735626120899,0.0,0.0821917808219178,0.42857142857142855,9.980000199600005e-06,0.0
623,1.865602416494081e-06,0.009072686992298764,0.0,0.0136986301369863,0.5714285714285714,1.8000000360000006e-07,0.0
624,2.9020482034352373e-06,0.0050638252980272185,0.0,0.12328767123287676,0.42857142857142855,9.980000199600005e-06,0.0
625,3.9384939903763936e-06,0.025213630129760523,0.0,0.0410958904109589,0.42857142857142855,1.980000039600001e-06,0.0
626,3.1093373608234685e-06,0.05264268382740795,0.0,0.0410958904109589,0.42857142857142855,1.980000039600001e-06,0.0
627,4.145783147764624e-07,0.005802299820656187,0.0,0.0547945205479452,0.42857142857142855,1.8000000360000006e-07,0.0
628,1.6583132591058499e-06,0.007173752505538559,0.0,0.06849315068493156,0.42857142857142855,1.980000039600001e-06,0.0
629,1.6168554276282036e-05,0.0033758835320181445,0.0,0.20547945205479445,0.14285714285714285,1.998000039960001e-05,0.0
630,6.591795204945754e-05,0.03787319337482857,0.0,0.17808219178082196,0.5714285714285714,1.998000039960001e-05,0.0
631,3.544644591338754e-05,0.003059394450891444,0.0,0.15068493150684925,0.42857142857142855,9.998000199960003e-05,0.0
632,0.019909708988824833,0.025499169643950527,0.0,0.0273972602739726,0.5714285714285714,0.0019999800399996006,0.0
633,1.347379523023503e-05,0.010444139677181137,0.0,0.0136986301369863,0.42857142857142855,1.998000039960001e-05,0.0
634,0.009715642806786398,0.009389176073425466,0.0,0.0410958904109589,0.42857142857142855,0.009999980199999602,0.0
635,0.0014514386800323952,0.006646270703660724,0.0,0.09589041095890405,0.42857142857142855,0.00019998000399960007,0.0
636,0.0006689221108918222,0.007173752505538559,0.0,0.09589041095890405,0.42857142857142855,9.998000199960003e-05,0.0
637,0.004006070255684956,0.014663994092203819,0.0,0.06849315068493156,0.42857142857142855,0.0009999800199996004,0.0
638,0.0005055782548698959,0.007595737947040828,0.0,0.09589041095890405,0.42857142857142855,9.998000199960003e-05,0.0
639,0.0020948642245654653,0.006540774343285156,0.0,0.09589041095890405,0.42857142857142855,0.00019998000399960007,0.0
640,0.0025280985635068682,0.07796181031754404,0.0,0.0136986301369863,0.42857142857142855,0.0009999800199996004,0.3333333333333333
641,9.514572324119814e-05,0.010444139677181137,0.0,0.34246575342465757,0.14285714285714285,0.00019998000399960007,0.0
642,0.00021661716947070164,0.020993775714737838,0.0,0.0,0.42857142857142855,0.00019998000399960007,0.3333333333333333
643,0.0003799610254926278,0.0031648908112670102,0.0,0.0136986301369863,0.42857142857142855,0.00019998000399960007,0.0
644,0.0001121434341470331,0.008650701550796497,0.0,0.0273972602739726,0.42857142857142855,0.00019998000399960007,0.0
645,9.742590397246868e-06,0.01571895769595949,0.0,0.0410958904109589,0.42857142857142855,1.998000039960001e-05,0.0
646,4.767650619929319e-06,0.0056968034602806195,0.0,0.06849315068493156,0.42857142857142855,9.980000199600005e-06,0.0
647,1.4510241017176186e-06,0.054752611034919296,0.7496871088861077,0.0547945205479452,0.42857142857142855,1.8000000360000006e-07,0.0
648,9.908421723157454e-05,0.006013292541407321,0.0,0.0410958904109589,0.5714285714285714,0.00019998000399960007,0.0
649,0.0017797847053353535,0.009389176073425466,0.0,0.0273972602739726,0.42857142857142855,0.0009999800199996004,0.0
650,2.715487961785829e-05,0.0014769490452579384,0.0,0.0821917808219178,0.42857142857142855,1.998000039960001e-05,0.0
651,3.4617289283834616e-05,0.00042198544150226806,0.12390488110137672,0.0136986301369863,0.42857142857142855,9.980000199600005e-06,0.0
652,1.4510241017176188e-05,0.0011604599641312375,0.0,0.0547945205479452,0.42857142857142855,1.998000039960001e-05,0.0
653,0.0006616669903832341,0.0092836797130499,0.0,0.0273972602739726,0.42857142857142855,0.00019998000399960007,0.0
654,4.353072305152856e-06,0.006962759784787425,0.0,0.12328767123287676,0.42857142857142855,1.998000039960001e-05,0.0
655,0.00022718891649750145,0.022048739318493514,0.0,0.0547945205479452,0.42857142857142855,9.998000199960003e-05,0.0
656,5.140771103228134e-05,0.011499103280936807,0.0,0.09589041095890405,0.42857142857142855,1.998000039960001e-05,0.0
657,2.0936204896211354e-05,0.01571895769595949,0.0,0.0410958904109589,0.42857142857142855,1.998000039960001e-05,0.0
658,9.328012082470406e-06,0.0188838485072265,0.0,0.0410958904109589,0.42857142857142855,1.998000039960001e-05,0.0
659,1.3059216915458568e-05,0.01677392129971516,0.0,0.0410958904109589,0.42857142857142855,1.998000039960001e-05,0.0
660,9.535301239858637e-06,0.01677392129971516,0.0,0.0410958904109589,0.42857142857142855,1.998000039960001e-05,0.0
661,0.0003569519290225342,0.025499169643950527,0.0,0.0821917808219178,0.4489795918367347,0.0009999800199996004,0.0
662,1.865602416494081e-06,0.0188838485072265,0.0,0.0821917808219178,0.42857142857142855,1.980000039600001e-06,0.0
663,0.0032059341081663844,0.025499169643950527,0.0,0.0273972602739726,0.4489795918367347,0.0019999800399996006,0.0
664,0.0005623754839942714,0.006646270703660724,0.0,0.0136986301369863,0.42857142857142855,0.0009999800199996004,0.0
665,0.0026960027809913357,0.005169321658402785,0.0,0.0136986301369863,0.42857142857142855,0.0009999800199996004,0.0
666,0.0001851092175476905,0.007912227028167526,0.0,0.06849315068493156,0.42857142857142855,9.998000199960003e-05,0.0
667,0.0026249026000071726,0.023103702922249184,0.0,0.0136986301369863,0.42857142857142855,0.0019999800399996006,0.0
668,1.865602416494081e-06,0.04420297499736259,0.0,0.0136986301369863,0.42857142857142855,9.800000196000003e-07,0.0
669,2.3216385627481898e-05,0.0294334845447832,0.0,0.0136986301369863,0.42857142857142855,1.998000039960001e-05,0.0
670,2.4874698886587747e-06,0.023103702922249184,0.0,0.0136986301369863,0.42857142857142855,9.980000199600005e-06,0.0
671,1.036445786941156e-06,0.012554066884692476,0.4993742177722153,0.15068493150684925,0.5714285714285714,1.8000000360000006e-07,0.0
672,0.00027134150702119464,0.0056968034602806195,0.0,0.0136986301369863,0.5714285714285714,9.998000199960003e-05,0.0
673,0.0013790947641039023,0.024158666526004853,0.0,0.12328767123287676,0.42857142857142855,0.00019998000399960007,0.0
674,3.627560254294046e-05,0.011499103280936807,0.0,0.0273972602739726,0.42857142857142855,1.998000039960001e-05,0.0
675,0.00015484500056900873,0.08640151914758941,0.0,0.0273972602739726,0.5714285714285714,0.00019998000399960007,0.0
676,0.00042266259191460346,0.022048739318493514,0.0,0.0136986301369863,0.42857142857142855,0.00019998000399960007,0.0
677,4.664006041235203e-05,0.05369764743116362,0.0,0.0136986301369863,0.42857142857142855,1.998000039960001e-05,0.0
678,0.000281498675733218,0.009389176073425466,0.0,0.0,0.42857142857142855,0.00019998000399960007,0.0
679,0.001007632594064192,0.011499103280936807,0.0,0.0273972602739726,0.5714285714285714,0.00019998000399960007,0.0
680,0.0035701411576975067,0.007490241586665258,0.0,0.0273972602739726,0.42857142857142855,0.0009999800199996004,0.0
681,1.5961265118893803e-05,0.0028484017301403097,0.0,0.0821917808219178,0.14285714285714285,1.998000039960001e-05,0.0
682,2.0728915738823124e-07,0.002531912649013609,0.0,0.3835616438356164,0.2857142857142857,1.8000000360000006e-07,0.0
683,0.0,0.00042198544150226806,0.0,0.06849315068493156,0.42857142857142855,0.0,0.0
684,0.0,0.026268593733516192,0.0,0.20547945205479445,0.42857142857142855,1.8000000360000006e-07,0.0
685,2.0728915738823124e-07,0.026268593733516192,0.0,0.20547945205479445,0.42857142857142855,1.8000000360000006e-07,0.0
686,1.865602416494081e-06,0.013609030488448148,0.0,0.0273972602739726,0.42857142857142855,1.980000039600001e-06,0.0
687,1.0571747026799793e-05,0.009072686992298764,0.0,0.0136986301369863,0.42857142857142855,9.980000199600005e-06,0.0
688,8.084277138141018e-06,0.030488448148538877,0.0,0.0136986301369863,0.42857142857142855,9.980000199600005e-06,0.0
689,1.5961265118893803e-05,0.01571895769595949,0.0,0.0,0.5714285714285714,9.980000199600005e-06,0.0
690,8.913433767693943e-06,0.003797868973520414,0.0,0.3287671232876712,0.14285714285714285,9.980000199600005e-06,0.0
691,0.00010841222931404494,0.045257938601118264,0.0,0.0273972602739726,0.42857142857142855,0.00019998000399960007,0.0
692,4.995668693056373e-05,0.0072792488659141254,0.0,0.0136986301369863,0.42857142857142855,1.998000039960001e-05,0.0
693,2.4874698886587747e-06,0.009389176073425466,0.0,0.0821917808219178,0.42857142857142855,1.998000039960001e-05,0.0
694,0.0,0.019938812110982168,0.0,0.06849315068493156,0.42857142857142855,0.0,0.0
695,0.00015733247045766752,0.019938812110982168,0.0,0.0273972602739726,0.42857142857142855,9.998000199960003e-05,0.0
696,0.009373615697095817,0.0092836797130499,0.0,0.0821917808219178,0.42857142857142855,0.019999980399999607,0.0
697,0.002896451396185755,0.025213630129760523,0.0,0.0,0.42857142857142855,0.0009999800199996004,0.0
698,0.000844496027199654,0.022048739318493514,0.0,0.09589041095890405,0.42857142857142855,0.00019998000399960007,0.0
699,4.5810903782799105e-05,0.02732355733727186,0.0,0.6164383561643836,0.14285714285714285,1.998000039960001e-05,0.0
700,0.0009674184975308752,0.014663994092203819,0.0,0.20547945205479445,0.42857142857142855,0.00019998000399960007,0.0
701,0.0039803664001688156,0.012554066884692476,0.0,0.0136986301369863,0.42857142857142855,0.0009999800199996004,0.0
702,0.0015639966924942046,0.011499103280936807,0.0,0.0136986301369863,0.42857142857142855,0.00019998000399960007,0.0
703,1.4095662702399724e-05,0.019938812110982168,0.0,0.0273972602739726,0.42857142857142855,1.980000039600001e-06,0.0
704,2.197265068315251e-05,0.0035868762527692787,0.0,0.0410958904109589,0.42857142857142855,1.998000039960001e-05,0.0
705,0.00017391560304872602,0.024158666526004853,0.0,0.0136986301369863,0.5714285714285714,9.998000199960003e-05,0.0
706,2.4874698886587747e-06,0.05264268382740795,0.0,0.0547945205479452,0.5714285714285714,8.000000160000003e-08,0.0
707,2.2801807312705435e-06,0.002953898090515877,0.0,0.1095890410958904,0.42857142857142855,1.980000039600001e-06,0.0
708,6.218674721646937e-07,0.005591307099905053,0.0,0.09589041095890405,0.42857142857142855,1.980000039600001e-06,0.0
709,1.036445786941156e-06,0.008861694271547631,0.0,0.0821917808219178,0.42857142857142855,1.980000039600001e-06,0.0
710,3.3166265182116998e-06,0.0,0.0,0.09589041095890405,0.5714285714285714,1.998000039960001e-05,0.0
711,3.814120495943455e-05,0.004219854415022681,0.0,0.1917808219178082,0.5714285714285714,1.998000039960001e-05,0.0
712,4.145783147764624e-07,0.0294334845447832,0.0,0.1095890410958904,0.42857142857142855,1.980000039600001e-06,0.0
713,0.004630425197738309,0.034708302563561555,0.0,0.0547945205479452,0.5714285714285714,0.0019999800399996006,0.0
714,6.218674721646938e-06,0.08851144635510075,0.18648310387984982,0.136986301369863,0.42857142857142855,1.8000000360000006e-07,0.0
715,1.2437349443293874e-05,0.10011604599641312,0.37421777221526914,0.136986301369863,0.42857142857142855,9.800000196000003e-07,0.0
716,0.0003432708446349109,0.013609030488448148,0.4367959949937422,0.0136986301369863,0.42857142857142855,1.998000039960001e-05,0.0
717,0.00035301343503215776,0.0005274818018778352,0.0,0.3972602739726028,0.42857142857142855,0.00019998000399960007,0.0
718,6.69543978363987e-05,0.025499169643950527,0.0,0.0,0.4489795918367347,9.998000199960003e-05,0.0
719,3.7312048329881623e-06,0.005169321658402785,0.0,0.20547945205479445,0.42857142857142855,1.980000039600001e-06,0.0
720,2.7569457932634754e-05,0.002637409009389176,0.0,0.20547945205479445,0.42857142857142855,0.00019998000399960007,0.0
721,1.0986325341576257e-05,0.010444139677181137,0.0,0.0,0.42857142857142855,1.980000039600001e-06,0.0
722,8.291566295529248e-07,0.0021099272075113407,0.0,0.20547945205479445,0.42857142857142855,1.980000039600001e-06,0.0
723,4.145783147764624e-07,0.005169321658402785,0.0,0.20547945205479445,0.42857142857142855,1.8000000360000006e-07,0.0
724,4.145783147764624e-07,0.006646270703660724,0.0,0.20547945205479445,0.42857142857142855,1.8000000360000006e-07,0.0
725,0.0004871295198623434,0.0294334845447832,0.0,0.0,0.42857142857142855,0.00019998000399960007,0.0
726,0.00161374609026738,0.011499103280936807,0.0,0.0273972602739726,0.42857142857142855,0.0009999800199996004,0.0
727,8.333024127006896e-05,0.010444139677181137,0.0,0.0273972602739726,0.42857142857142855,9.998000199960003e-05,0.0
728,2.4874698886587747e-06,0.010444139677181137,0.0,0.0136986301369863,0.42857142857142855,1.980000039600001e-06,0.0
729,0.0010455665098662384,0.024158666526004853,0.0,0.0273972602739726,0.42857142857142855,0.00019998000399960007,0.0
730,8.498855452917481e-06,0.023103702922249184,0.0,0.0136986301369863,0.42857142857142855,9.800000196000003e-07,0.0
731,3.9384939903763936e-06,0.01571895769595949,0.0,0.0410958904109589,0.42857142857142855,9.980000199600005e-06,0.0
732,2.6740301303081827e-05,0.011499103280936807,0.0,0.0136986301369863,0.42857142857142855,9.980000199600005e-06,0.0
733,0.0007823092799831847,0.01677392129971516,0.0,0.0273972602739726,0.42857142857142855,0.00019998000399960007,0.0
734,0.0026149527204525373,0.01782888490347083,0.0,0.0273972602739726,0.42857142857142855,0.00019998000399960007,0.0
735,6.819813278072808e-05,0.003692372613144846,0.0,0.0273972602739726,0.42857142857142855,0.00019998000399960007,0.0
736,4.767650619929319e-06,0.033653338959805885,0.0,0.0273972602739726,0.42857142857142855,1.980000039600001e-06,0.0
737,0.0038056216404905373,0.005591307099905053,0.0,0.0410958904109589,0.42857142857142855,0.0019999800399996006,0.0
738,0.0003347719891819934,0.0033758835320181445,0.0,0.0273972602739726,0.42857142857142855,0.00019998000399960007,0.0
739,7.047831351199862e-06,0.00390336533389598,0.0,0.09589041095890405,0.42857142857142855,1.998000039960001e-05,0.0
740,0.0003650362061606752,0.00390336533389598,0.0,0.0136986301369863,0.42857142857142855,0.00019998000399960007,0.0
741,0.01177588974206803,0.010444139677181137,0.0,0.0410958904109589,0.42857142857142855,0.0019999800399996006,0.0
742,0.00045209765226373233,0.025499169643950527,0.0,0.0136986301369863,0.5714285714285714,9.998000199960003e-05,0.0
743,0.007774794426160389,0.04314801139360692,0.0,0.0136986301369863,0.42857142857142855,0.0019999800399996006,0.0
744,0.00721449183374,0.07268699229876568,0.0,0.0136986301369863,0.42857142857142855,0.0019999800399996006,0.0
745,0.003769346037947597,0.004430847135773815,0.0,0.06849315068493156,0.42857142857142855,0.0019999800399996006,0.0
746,0.0,0.022048739318493514,0.0,0.0410958904109589,0.5714285714285714,8.000000160000003e-08,0.0
747,1.6583132591058499e-06,0.011499103280936807,0.0,0.0821917808219178,0.42857142857142855,9.800000196000003e-07,0.0
748,0.0056455202014684775,0.06319231986496465,0.0,0.0136986301369863,0.5714285714285714,0.0019999800399996006,0.0
749,7.939174727969257e-05,0.002742905369764743,0.0,0.3972602739726028,0.42857142857142855,1.998000039960001e-05,0.0
750,1.0779036184188024e-05,0.033653338959805885,0.0,0.0273972602739726,0.42857142857142855,1.998000039960001e-05,0.0
751,6.218674721646937e-07,0.0021099272075113407,0.0,0.0821917808219178,0.5714285714285714,8.000000160000003e-08,0.0
752,0.0001121434341470331,0.0006329781622534021,0.0,0.34246575342465757,0.14285714285714285,9.998000199960003e-05,0.0
753,0.0002796330733167239,0.013609030488448148,0.0,0.0821917808219178,0.42857142857142855,1.998000039960001e-05,0.0
754,0.007337414304071221,0.09800611878890178,0.0,0.0410958904109589,0.42857142857142855,0.0019999800399996006,0.0
755,1.4510241017176186e-06,0.004536343496149383,0.0,0.0273972602739726,0.42857142857142855,1.8000000360000006e-07,0.0
756,5.0163976087951955e-05,0.0020044308471357736,0.0,0.15068493150684925,0.42857142857142855,1.998000039960001e-05,0.0
757,8.809789188999828e-05,0.07901677392129972,0.0,0.0273972602739726,0.42857142857142855,1.998000039960001e-05,0.0
758,6.96491568824457e-05,0.02837852094102753,0.0,0.0,0.42857142857142855,0.00019998000399960007,0.0
759,5.887012069825767e-05,0.013609030488448148,0.0,0.0,0.42857142857142855,9.998000199960003e-05,0.0
760,4.353072305152856e-06,0.03998312058233991,0.0,0.0821917808219178,0.5714285714285714,1.980000039600001e-06,0.0
761,8.498855452917481e-06,0.014663994092203819,0.0,0.0547945205479452,0.42857142857142855,1.998000039960001e-05,0.0
762,0.0004894097005936139,0.010444139677181137,0.0,0.0136986301369863,0.42857142857142855,0.00019998000399960007,0.0
763,1.2851927758070337e-05,0.008861694271547631,0.7509386733416772,0.0273972602739726,0.42857142857142855,9.800000196000003e-07,0.0
764,1.2437349443293874e-06,0.010444139677181137,0.0,0.0273972602739726,0.42857142857142855,1.8000000360000006e-07,0.0
765,1.2437349443293874e-06,0.009389176073425466,0.0,0.47945205479452047,0.42857142857142855,9.800000196000003e-07,0.0
766,1.865602416494081e-06,0.009389176073425466,0.0,0.6301369863013697,0.42857142857142855,1.980000039600001e-06,0.0
767,3.606831338555224e-05,0.00780673066779196,0.0,0.17808219178082196,0.42857142857142855,9.998000199960003e-05,0.0
768,4.0421385690705086e-05,0.006224285262158455,0.0,0.0,0.42857142857142855,1.998000039960001e-05,0.0
769,0.00016624590422536145,0.002742905369764743,0.0,0.09589041095890405,0.42857142857142855,9.998000199960003e-05,0.0
770,0.004259170316855987,0.005802299820656187,0.0,0.0136986301369863,0.42857142857142855,0.0019999800399996006,0.0
771,2.0728915738823124e-07,0.0188838485072265,0.0,0.0410958904109589,0.42857142857142855,8.000000160000003e-08,0.0
772,0.001358158559207691,0.07163202869501002,0.12390488110137672,0.0136986301369863,0.42857142857142855,9.998000199960003e-05,0.0
773,1.3681084387623262e-05,0.003692372613144846,0.0,0.0136986301369863,0.42857142857142855,1.998000039960001e-05,0.0
774,4.97493977731755e-06,0.007490241586665258,0.0,0.12328767123287676,0.42857142857142855,1.998000039960001e-05,0.0
775,1.036445786941156e-06,0.0033758835320181445,0.0,0.3287671232876712,0.5714285714285714,1.980000039600001e-06,0.0
776,4.145783147764624e-07,0.01571895769595949,0.0,0.5616438356164384,0.14285714285714285,9.800000196000003e-07,0.0
777,6.218674721646937e-07,0.17290853465555436,0.0,0.7945205479452055,0.14285714285714285,1.980000039600001e-06,0.0
778,0.00829737039193612,0.030488448148538877,0.0,0.0136986301369863,0.5714285714285714,0.00019998000399960007,0.0
779,0.0003907400616768159,0.002953898090515877,0.0,0.09589041095890405,0.42857142857142855,0.00019998000399960007,0.0
780,0.0002939360251765119,0.019938812110982168,0.0,0.0136986301369863,0.5714285714285714,9.998000199960003e-05,0.0
781,3.1300662765622916e-05,0.010444139677181137,0.0,0.0273972602739726,0.42857142857142855,9.998000199960003e-05,0.6666666666666666
782,0.00010177897627762154,0.0013714526848823713,0.0,0.0410958904109589,0.42857142857142855,9.998000199960003e-05,0.6666666666666666
783,0.00774183545013566,0.08112670112881105,0.0,0.1095890410958904,0.14285714285714285,0.0019999800399996006,0.0
784,2.881319287696414e-05,0.022048739318493514,0.0,0.0136986301369863,0.42857142857142855,9.998000199960003e-05,0.0
785,0.0009858672325384278,0.025499169643950527,0.0,0.0136986301369863,0.4489795918367347,0.0019999800399996006,0.0
786,2.4874698886587747e-06,0.054752611034919296,0.0,0.09589041095890405,0.42857142857142855,9.800000196000003e-07,0.0
787,6.218674721646937e-07,0.03787319337482857,0.0,0.06849315068493156,0.42857142857142855,1.8000000360000006e-07,0.0
788,0.00019692469951881967,0.002531912649013609,0.0,0.0273972602739726,0.42857142857142855,0.00019998000399960007,0.0
789,7.047831351199863e-05,0.0017934381263846394,0.12390488110137672,0.0410958904109589,0.42857142857142855,9.998000199960003e-05,0.0
790,0.0016862972953532612,0.0072792488659141254,0.0,0.0136986301369863,0.7142857142857142,0.00019998000399960007,0.0
791,8.747602441783359e-05,0.0294334845447832,0.0,0.0410958904109589,0.42857142857142855,0.00019998000399960007,0.0
792,5.120042187489312e-05,0.011499103280936807,0.0,0.0547945205479452,0.42857142857142855,9.998000199960003e-05,0.0
793,2.1765361525764277e-05,0.01571895769595949,0.0,0.06849315068493156,0.42857142857142855,9.980000199600005e-06,0.0
794,2.0728915738823124e-07,0.010444139677181137,0.0,0.0136986301369863,0.42857142857142855,1.8000000360000006e-07,0.0
795,0.00031860343490571136,0.010444139677181137,0.0,0.1095890410958904,0.42857142857142855,0.00019998000399960007,0.0
796,0.0016367551867374737,0.009389176073425466,0.0,0.136986301369863,0.42857142857142855,0.0009999800199996004,0.0
797,0.0013131768120544448,0.035763266167317224,0.0,0.0821917808219178,0.42857142857142855,0.00019998000399960007,0.0
798,4.145783147764625e-06,0.003797868973520414,0.0,0.0821917808219178,0.5714285714285714,9.980000199600005e-06,0.0
799,1.6583132591058498e-05,0.022048739318493514,0.0,0.0136986301369863,0.42857142857142855,1.998000039960001e-05,0.0
800,0.0012706825347898576,0.02732355733727186,0.0,0.06849315068493156,0.42857142857142855,0.00019998000399960007,0.0
